image,width,height,class_id,class_name
Image00001.jpg,174,174,1,R-1
Image00002.jpg,240,240,1,R-1
Image00003.jpg,320,320,1,R-1
Image00004.jpg,120,120,1,R-1
Image00005.jpg,86,86,1,R-1
Image00006.jpg,116,116,1,R-1
Image00007.jpg,170,170,1,R-1
Image00008.jpg,222,222,1,R-1
Image00009.jpg,318,318,1,R-1
Image00010.jpg,440,440,1,R-1
Image00011.jpg,240,240,1,R-1
Image00012.jpg,244,244,1,R-1
Image00013.jpg,276,276,1,R-1
Image00014.jpg,300,300,1,R-1
Image00015.jpg,330,330,1,R-1
Image00016.jpg,252,252,1,R-1
Image00017.jpg,162,162,1,R-1
Image00018.jpg,182,182,1,R-1
Image00019.jpg,154,154,1,R-1
Image00020.jpg,240,240,1,R-1
Image00112.jpg,182,182,1,R-1
Image00113.jpg,552,552,1,R-1
Image00114.jpg,648,648,1,R-1
Image00115.jpg,466,474,1,R-1
Image00116.jpg,246,246,1,R-1
Image00117.jpg,700,700,1,R-1
Image00118.jpg,348,348,1,R-1
Image00119.jpg,446,446,1,R-1
Image00120.jpg,456,456,1,R-1
Image00121.jpg,446,446,1,R-1
Image00122.jpg,384,384,1,R-1
Image00123.jpg,244,244,1,R-1
Image00124.jpg,558,558,1,R-1
Image00125.jpg,200,200,1,R-1
Image00126.jpg,356,356,1,R-1
Image00127.jpg,630,630,1,R-1
Image00128.jpg,254,254,1,R-1
Image00129.jpg,222,222,1,R-1
Image00130.jpg,152,152,1,R-1
Image00131.jpg,428,428,1,R-1
Image00132.jpg,366,366,1,R-1
Image00133.jpg,482,482,1,R-1
Image00134.jpg,272,272,1,R-1
Image00094.jpg,326,326,1,R-1
Image00095.jpg,290,290,1,R-1
Image00096.jpg,260,260,1,R-1
Image00097.jpg,386,386,1,R-1
Image00098.jpg,204,204,1,R-1
Image00099.jpg,234,234,1,R-1
Image00100.jpg,312,312,1,R-1
Image00101.jpg,170,170,1,R-1
Image00102.jpg,236,236,1,R-1
Image00103.jpg,280,280,1,R-1
Image00104.jpg,272,272,1,R-1
Image00105.jpg,266,266,1,R-1
Image00106.jpg,284,284,1,R-1
Image00107.jpg,210,210,1,R-1
Image00108.jpg,170,170,1,R-1
Image00109.jpg,168,168,1,R-1
Image00110.jpg,168,168,1,R-1
Image00076.jpg,356,356,1,R-1
Image00077.jpg,504,504,1,R-1
Image00078.jpg,390,390,1,R-1
Image00079.jpg,391,381,1,R-1
Image00080.jpg,318,318,1,R-1
Image00081.jpg,374,374,1,R-1
Image00082.jpg,338,338,1,R-1
Image00083.jpg,330,330,1,R-1
Image00084.jpg,360,360,1,R-1
Image00085.jpg,396,396,1,R-1
Image00086.jpg,464,464,1,R-1
Image00087.jpg,534,534,1,R-1
Image00088.jpg,374,374,1,R-1
Image00089.jpg,522,522,1,R-1
Image00090.jpg,288,288,1,R-1
Image00091.jpg,474,474,1,R-1
Image00092.jpg,366,366,1,R-1
Image00021.jpg,168,168,1,R-1
Image00039.jpg,272,272,1,R-1
Image00057.jpg,246,246,1,R-1
Image00075.jpg,414,414,1,R-1
Image00093.jpg,204,204,1,R-1
Image00111.jpg,228,228,1,R-1
Image00135.jpg,516,516,1,R-1
Image00153.jpg,222,222,1,R-1
Image00058.jpg,246,246,1,R-1
Image00059.jpg,260,260,1,R-1
Image00060.jpg,278,278,1,R-1
Image00061.jpg,270,270,1,R-1
Image00062.jpg,218,218,1,R-1
Image00063.jpg,116,116,1,R-1
Image00064.jpg,258,258,1,R-1
Image00065.jpg,390,390,1,R-1
Image00066.jpg,102,102,1,R-1
Image00067.jpg,114,114,1,R-1
Image00068.jpg,242,242,1,R-1
Image00069.jpg,200,200,1,R-1
Image00070.jpg,162,162,1,R-1
Image00071.jpg,158,158,1,R-1
Image00072.jpg,294,294,1,R-1
Image00073.jpg,384,384,1,R-1
Image00074.jpg,504,504,1,R-1
Image00040.jpg,117,118,1,R-1
Image00041.jpg,212,212,1,R-1
Image00042.jpg,314,314,1,R-1
Image00043.jpg,510,510,1,R-1
Image00044.jpg,186,186,1,R-1
Image00045.jpg,492,492,1,R-1
Image00046.jpg,224,224,1,R-1
Image00047.jpg,334,334,1,R-1
Image00048.jpg,570,570,1,R-1
Image00049.jpg,294,294,1,R-1
Image00050.jpg,198,198,1,R-1
Image00051.jpg,378,378,1,R-1
Image00052.jpg,164,164,1,R-1
Image00053.jpg,182,182,1,R-1
Image00054.jpg,198,198,1,R-1
Image00055.jpg,230,230,1,R-1
Image00056.jpg,234,234,1,R-1
Image00022.jpg,144,144,1,R-1
Image00023.jpg,344,344,1,R-1
Image00024.jpg,504,504,1,R-1
Image00025.jpg,290,290,1,R-1
Image00026.jpg,190,190,1,R-1
Image00027.jpg,132,132,1,R-1
Image00028.jpg,144,144,1,R-1
Image00029.jpg,108,108,1,R-1
Image00030.jpg,150,150,1,R-1
Image00031.jpg,112,112,1,R-1
Image00032.jpg,266,266,1,R-1
Image00033.jpg,206,206,1,R-1
Image00034.jpg,122,122,1,R-1
Image00035.jpg,152,152,1,R-1
Image00036.jpg,266,266,1,R-1
Image00037.jpg,120,120,1,R-1
Image00038.jpg,144,144,1,R-1
Image00154.jpg,138,138,1,R-1
Image00155.jpg,174,174,1,R-1
Image00156.jpg,228,228,1,R-1
Image00157.jpg,194,194,1,R-1
Image00158.jpg,246,246,1,R-1
Image00159.jpg,350,350,1,R-1
Image00160.jpg,194,194,1,R-1
Image00161.jpg,150,150,1,R-1
Image00162.jpg,158,158,1,R-1
Image00163.jpg,306,306,1,R-1
Image00164.jpg,200,200,1,R-1
Image00165.jpg,486,486,1,R-1
Image00166.jpg,130,130,1,R-1
Image00167.jpg,182,182,1,R-1
Image00168.jpg,170,170,1,R-1
Image00169.jpg,476,476,1,R-1
Image00170.jpg,700,700,1,R-1
Image00136.jpg,492,492,1,R-1
Image00137.jpg,636,636,1,R-1
Image00138.jpg,318,318,1,R-1
Image00139.jpg,262,262,1,R-1
Image00140.jpg,350,350,1,R-1
Image00141.jpg,308,308,1,R-1
Image00142.jpg,330,330,1,R-1
Image00143.jpg,312,312,1,R-1
Image00144.jpg,678,678,1,R-1
Image00145.jpg,348,348,1,R-1
Image00146.jpg,312,312,1,R-1
Image00147.jpg,220,220,1,R-1
Image00148.jpg,404,404,1,R-1
Image00149.jpg,480,480,1,R-1
Image00150.jpg,218,218,1,R-1
Image00151.jpg,200,200,1,R-1
Image00152.jpg,332,332,1,R-1
Image01461.jpg,200,200,2,R-2
Image01436.jpg,162,162,2,R-2
Image01437.jpg,94,94,2,R-2
Image01438.jpg,98,98,2,R-2
Image01439.jpg,116,116,2,R-2
Image01440.jpg,98,98,2,R-2
Image01441.jpg,370,370,2,R-2
Image01442.jpg,446,446,2,R-2
Image01443.jpg,180,180,2,R-2
Image01444.jpg,226,226,2,R-2
Image01445.jpg,280,280,2,R-2
Image01446.jpg,330,330,2,R-2
Image01447.jpg,602,602,2,R-2
Image01448.jpg,594,594,2,R-2
Image01449.jpg,160,160,2,R-2
Image01450.jpg,230,230,2,R-2
Image01451.jpg,128,128,2,R-2
Image01452.jpg,486,486,2,R-2
Image01453.jpg,200,200,2,R-2
Image01454.jpg,138,138,2,R-2
Image01455.jpg,174,174,2,R-2
Image01456.jpg,126,126,2,R-2
Image01457.jpg,186,186,2,R-2
Image01458.jpg,180,180,2,R-2
Image01459.jpg,178,178,2,R-2
Image01460.jpg,336,336,2,R-2
Image01462.jpg,204,204,2,R-2
Image01463.jpg,134,134,2,R-2
Image01464.jpg,210,210,2,R-2
Image01465.jpg,462,462,2,R-2
Image01466.jpg,276,276,2,R-2
Image01467.jpg,116,116,2,R-2
Image01468.jpg,90,90,2,R-2
Image01469.jpg,236,236,2,R-2
Image01470.jpg,180,180,2,R-2
Image01471.jpg,272,272,2,R-2
Image01472.jpg,200,200,2,R-2
Image01473.jpg,266,266,2,R-2
Image01474.jpg,174,174,2,R-2
Image01475.jpg,176,176,2,R-2
Image01476.jpg,362,362,2,R-2
Image01477.jpg,224,224,2,R-2
Image01478.jpg,164,164,2,R-2
Image00830.jpg,134,134,7,R-100
Image00831.jpg,140,140,7,R-100
Image00832.jpg,180,180,7,R-100
Image00936.jpg,134,134,7,R-100
Image00940.jpg,230,230,7,R-100
Image00943.jpg,268,268,7,R-100
Image01042.jpg,138,138,7,R-100
Image01065.jpg,212,212,7,R-100
Image01085.jpg,174,174,7,R-100
Image01086.jpg,144,144,7,R-100
Image01091.jpg,234,234,7,R-100
Image01148.jpg,252,252,7,R-100
Image01381.jpg,166,166,7,R-100
Image01382.jpg,360,360,7,R-100
Image00171.jpg,92,92,8,R-101
Image00172.jpg,98,98,8,R-101
Image00173.jpg,104,104,8,R-101
Image00174.jpg,174,174,8,R-101
Image00175.jpg,306,306,8,R-101
Image00176.jpg,110,110,8,R-101
Image00177.jpg,76,76,8,R-101
Image00178.jpg,102,102,8,R-101
Image00179.jpg,90,90,8,R-101
Image00180.jpg,78,78,8,R-101
Image00181.jpg,284,284,8,R-101
Image00182.jpg,200,200,8,R-101
Image00183.jpg,146,146,8,R-101
Image00184.jpg,180,180,8,R-101
Image00185.jpg,302,302,8,R-101
Image00186.jpg,200,200,8,R-101
Image00187.jpg,182,182,8,R-101
Image00188.jpg,140,140,8,R-101
Image00189.jpg,140,140,8,R-101
Image00190.jpg,90,90,8,R-101
Image00282.jpg,324,324,8,R-101
Image00283.jpg,662,662,8,R-101
Image00284.jpg,662,662,8,R-101
Image00285.jpg,374,374,8,R-101
Image00286.jpg,138,138,8,R-101
Image00287.jpg,114,114,8,R-101
Image00288.jpg,200,200,8,R-101
Image00289.jpg,258,258,8,R-101
Image00290.jpg,116,116,8,R-101
Image00291.jpg,114,114,8,R-101
Image00292.jpg,138,138,8,R-101
Image00293.jpg,272,272,8,R-101
Image00294.jpg,164,164,8,R-101
Image00295.jpg,356,356,8,R-101
Image00296.jpg,290,290,8,R-101
Image00297.jpg,316,316,8,R-101
Image00298.jpg,168,168,8,R-101
Image00299.jpg,186,186,8,R-101
Image00300.jpg,150,150,8,R-101
Image00264.jpg,120,120,8,R-101
Image00265.jpg,120,120,8,R-101
Image00266.jpg,128,128,8,R-101
Image00267.jpg,200,200,8,R-101
Image00268.jpg,228,228,8,R-101
Image00269.jpg,296,296,8,R-101
Image00270.jpg,180,180,8,R-101
Image00271.jpg,134,134,8,R-101
Image00272.jpg,126,126,8,R-101
Image00273.jpg,92,92,8,R-101
Image00274.jpg,150,150,8,R-101
Image00275.jpg,126,126,8,R-101
Image00276.jpg,342,342,8,R-101
Image00277.jpg,126,126,8,R-101
Image00278.jpg,260,260,8,R-101
Image00279.jpg,182,182,8,R-101
Image00280.jpg,330,330,8,R-101
Image00246.jpg,182,182,8,R-101
Image00247.jpg,140,140,8,R-101
Image00248.jpg,152,152,8,R-101
Image00249.jpg,196,196,8,R-101
Image00250.jpg,114,114,8,R-101
Image00251.jpg,80,80,8,R-101
Image00252.jpg,426,426,8,R-101
Image00253.jpg,68,68,8,R-101
Image00254.jpg,258,258,8,R-101
Image00255.jpg,140,140,8,R-101
Image00256.jpg,212,212,8,R-101
Image00257.jpg,172,172,8,R-101
Image00258.jpg,122,122,8,R-101
Image00259.jpg,126,126,8,R-101
Image00260.jpg,182,182,8,R-101
Image00261.jpg,186,186,8,R-101
Image00262.jpg,390,390,8,R-101
Image00191.jpg,210,210,8,R-101
Image00209.jpg,62,62,8,R-101
Image00227.jpg,92,92,8,R-101
Image00245.jpg,224,224,8,R-101
Image00263.jpg,78,78,8,R-101
Image00281.jpg,194,194,8,R-101
Image00301.jpg,206,206,8,R-101
Image00228.jpg,110,110,8,R-101
Image00229.jpg,134,134,8,R-101
Image00230.jpg,78,78,8,R-101
Image00231.jpg,158,158,8,R-101
Image00232.jpg,92,92,8,R-101
Image00233.jpg,74,74,8,R-101
Image00234.jpg,218,218,8,R-101
Image00235.jpg,116,116,8,R-101
Image00236.jpg,100,100,8,R-101
Image00237.jpg,84,84,8,R-101
Image00238.jpg,90,90,8,R-101
Image00239.jpg,110,110,8,R-101
Image00240.jpg,104,104,8,R-101
Image00241.jpg,74,74,8,R-101
Image00242.jpg,104,104,8,R-101
Image00243.jpg,104,104,8,R-101
Image00244.jpg,134,134,8,R-101
Image00210.jpg,138,138,8,R-101
Image00211.jpg,92,92,8,R-101
Image00212.jpg,66,66,8,R-101
Image00213.jpg,350,350,8,R-101
Image00214.jpg,182,182,8,R-101
Image00215.jpg,252,252,8,R-101
Image00216.jpg,276,276,8,R-101
Image00217.jpg,110,110,8,R-101
Image00218.jpg,80,80,8,R-101
Image00219.jpg,72,72,8,R-101
Image00220.jpg,134,134,8,R-101
Image00221.jpg,134,134,8,R-101
Image00222.jpg,140,140,8,R-101
Image00223.jpg,72,72,8,R-101
Image00224.jpg,86,86,8,R-101
Image00225.jpg,134,134,8,R-101
Image00226.jpg,138,138,8,R-101
Image00192.jpg,128,128,8,R-101
Image00193.jpg,122,122,8,R-101
Image00194.jpg,110,110,8,R-101
Image00195.jpg,168,168,8,R-101
Image00196.jpg,110,110,8,R-101
Image00197.jpg,50,50,8,R-101
Image00198.jpg,54,54,8,R-101
Image00199.jpg,54,54,8,R-101
Image00200.jpg,164,164,8,R-101
Image00201.jpg,96,96,8,R-101
Image00202.jpg,78,78,8,R-101
Image00203.jpg,150,150,8,R-101
Image00204.jpg,212,212,8,R-101
Image00205.jpg,158,158,8,R-101
Image00206.jpg,114,114,8,R-101
Image00207.jpg,170,170,8,R-101
Image00208.jpg,98,98,8,R-101
Image00302.jpg,174,174,8,R-101
Image00303.jpg,210,210,8,R-101
Image00304.jpg,150,150,8,R-101
Image00305.jpg,128,128,8,R-101
Image00306.jpg,188,188,8,R-101
Image00307.jpg,210,210,8,R-101
Image00308.jpg,300,300,8,R-101
Image00309.jpg,314,314,8,R-101
Image00310.jpg,234,234,8,R-101
Image00311.jpg,378,378,8,R-101
Image00312.jpg,222,222,8,R-101
Image00313.jpg,166,166,8,R-101
Image00314.jpg,168,168,8,R-101
Image00315.jpg,234,234,8,R-101
Image00316.jpg,62,62,8,R-101
Image00317.jpg,68,68,8,R-101
Image00318.jpg,62,62,8,R-101
Image00981.jpg,128,128,12,R-105
Image00995.jpg,144,144,12,R-105
Image01006.jpg,138,138,12,R-105
Image01019.jpg,132,132,12,R-105
Image01099.jpg,428,428,12,R-105
Image01106.jpg,188,188,12,R-105
Image01110.jpg,290,290,12,R-105
Image01117.jpg,226,226,12,R-105
Image01273.jpg,114,114,13,R-106
Image00925.jpg,198,198,14,R-107
Image00934.jpg,64,64,14,R-107
Image00938.jpg,96,96,14,R-107
Image00941.jpg,294,294,14,R-107
Image00956.jpg,228,228,14,R-107
Image01152.jpg,128,128,14,R-107
Image01153.jpg,104,104,14,R-107
Image01171.jpg,324,324,14,R-107
Image01172.jpg,368,368,14,R-107
Image01220.jpg,130,130,14,R-107
Image01324.jpg,108,108,14,R-107
Image01156.jpg,392,392,15,R-108
Image00905.jpg,138,138,18,R-111
Image00984.jpg,132,132,18,R-111
Image00996.jpg,126,126,18,R-111
Image01009.jpg,138,138,18,R-111
Image01016.jpg,152,152,18,R-111
Image01100.jpg,404,404,18,R-111
Image01108.jpg,212,212,18,R-111
Image01111.jpg,296,296,18,R-111
Image01241.jpg,120,120,18,R-111
Image01245.jpg,186,186,18,R-111
Image01389.jpg,108,108,18,R-111
Image01395.jpg,226,226,18,R-111
Image01398.jpg,308,308,18,R-111
Image01401.jpg,414,414,18,R-111
Image00880.jpg,114,114,20,R-113
Image00906.jpg,140,140,20,R-113
Image00904.jpg,132,132,21,R-114
Image00983.jpg,132,132,21,R-114
Image00997.jpg,122,122,21,R-114
Image01008.jpg,134,134,21,R-114
Image01017.jpg,134,134,21,R-114
Image01101.jpg,344,344,21,R-114
Image01107.jpg,222,222,21,R-114
Image01112.jpg,338,338,21,R-114
Image01119.jpg,284,284,21,R-114
Image01242.jpg,116,116,21,R-114
Image01246.jpg,208,208,21,R-114
Image00903.jpg,120,120,23,R-116
Image00982.jpg,126,126,23,R-116
Image00994.jpg,126,126,23,R-116
Image01007.jpg,120,120,23,R-116
Image01018.jpg,128,128,23,R-116
Image01102.jpg,336,336,23,R-116
Image01105.jpg,216,216,23,R-116
Image01109.jpg,320,320,23,R-116
Image01118.jpg,248,248,23,R-116
Image01176.jpg,360,360,23,R-116
Image01240.jpg,136,136,23,R-116
Image01244.jpg,192,192,23,R-116
Image01285.jpg,180,180,23,R-116
Image01286.jpg,252,252,23,R-116
Image01243.jpg,138,138,24,R-117
Image01247.jpg,210,210,24,R-117
Image00823.jpg,102,102,25,R-200
Image00872.jpg,182,182,25,R-200
Image01090.jpg,240,240,25,R-200
Image01405.jpg,188,188,25,R-200
Image01206.jpg,98,98,26,R-201
Image01216.jpg,104,104,26,R-201
Image01228.jpg,116,116,26,R-201
Image01260.jpg,282,282,26,R-201
Image01321.jpg,244,244,26,R-201
Image01383.jpg,220,220,26,R-201
Image00828.jpg,182,182,30,R-205
Image00829.jpg,154,154,30,R-205
Image00840.jpg,146,146,30,R-205
Image00882.jpg,146,146,30,R-205
Image00883.jpg,240,240,30,R-205
Image01266.jpg,132,132,30,R-205
Image01126.jpg,194,194,31,R-300
Image01131.jpg,234,234,31,R-300
Image01158.jpg,276,276,31,R-300
Image01210.jpg,404,404,31,R-300
Image01231.jpg,224,224,31,R-300
Image00933.jpg,114,114,32,R-301-30
Image00937.jpg,90,90,32,R-301-30
Image01040.jpg,126,126,32,R-301-30
Image01041.jpg,156,156,32,R-301-30
Image01197.jpg,198,198,32,R-301-30
Image01198.jpg,156,156,32,R-301-30
Image01200.jpg,158,158,32,R-301-30
Image01201.jpg,140,140,32,R-301-30
Image01202.jpg,152,152,32,R-301-30
Image01203.jpg,118,118,32,R-301-30
Image01204.jpg,158,158,32,R-301-30
Image01208.jpg,130,130,32,R-301-30
Image01209.jpg,98,98,32,R-301-30
Image01227.jpg,128,128,32,R-301-30
Image01262.jpg,398,398,32,R-301-30
Image01264.jpg,354,354,32,R-301-30
Image01270.jpg,240,240,32,R-301-30
Image01404.jpg,140,140,32,R-301-30
Image01255.jpg,198,198,33,R-301-50
Image00876.jpg,380,380,33,R-301-50
Image00975.jpg,180,180,33,R-301-50
Image01004.jpg,134,134,33,R-301-50
Image01021.jpg,166,166,33,R-301-50
Image01028.jpg,174,174,33,R-301-50
Image01077.jpg,368,368,33,R-301-50
Image01094.jpg,176,176,33,R-301-50
Image01095.jpg,306,306,33,R-301-50
Image01120.jpg,198,198,33,R-301-50
Image01157.jpg,200,200,33,R-301-50
Image01173.jpg,128,128,33,R-301-50
Image01174.jpg,192,192,33,R-301-50
Image01179.jpg,182,182,33,R-301-50
Image01180.jpg,146,146,33,R-301-50
Image01196.jpg,198,198,33,R-301-50
Image01199.jpg,132,132,33,R-301-50
Image01205.jpg,96,96,33,R-301-50
Image01211.jpg,126,126,33,R-301-50
Image01214.jpg,104,104,33,R-301-50
Image01215.jpg,104,104,33,R-301-50
Image01218.jpg,176,176,33,R-301-50
Image01235.jpg,242,242,33,R-301-50
Image01237.jpg,200,200,33,R-301-50
Image01248.jpg,138,138,33,R-301-50
Image01254.jpg,270,270,33,R-301-50
Image01261.jpg,300,300,33,R-301-50
Image01272.jpg,266,266,33,R-301-50
Image01277.jpg,252,252,33,R-301-50
Image01287.jpg,128,128,33,R-301-50
Image01288.jpg,290,290,33,R-301-50
Image01313.jpg,414,414,33,R-301-50
Image01344.jpg,685,686,33,R-301-50
Image01350.jpg,284,284,33,R-301-50
Image01355.jpg,152,152,33,R-301-50
Image01356.jpg,156,156,33,R-301-50
Image01357.jpg,140,140,33,R-301-50
Image01358.jpg,120,120,33,R-301-50
Image01359.jpg,100,100,33,R-301-50
Image01360.jpg,164,164,33,R-301-50
Image01361.jpg,128,128,33,R-301-50
Image01365.jpg,500,500,33,R-301-50
Image01366.jpg,204,204,33,R-301-50
Image00864.jpg,156,156,34,R-301-70
Image00865.jpg,110,110,34,R-301-70
Image00867.jpg,112,112,34,R-301-70
Image00909.jpg,356,356,34,R-301-70
Image01167.jpg,144,144,34,R-301-70
Image01175.jpg,110,110,34,R-301-70
Image01284.jpg,342,342,34,R-301-70
Image01304.jpg,266,266,34,R-301-70
Image01309.jpg,236,236,34,R-301-70
Image01342.jpg,122,122,34,R-301-70
Image01343.jpg,270,270,34,R-301-70
Image01362.jpg,224,224,34,R-301-70
Image01364.jpg,162,162,34,R-301-70
Image01302.jpg,240,240,35,R-301-90
Image01307.jpg,194,194,35,R-301-90
Image00812.jpg,110,110,36,R-301-100
Image00814.jpg,132,132,36,R-301-100
Image00827.jpg,258,258,36,R-301-100
Image00884.jpg,114,114,36,R-301-100
Image00911.jpg,120,120,36,R-301-100
Image00922.jpg,162,162,36,R-301-100
Image01092.jpg,264,264,36,R-301-100
Image01121.jpg,360,360,36,R-301-100
Image01124.jpg,288,288,36,R-301-100
Image01125.jpg,284,284,36,R-301-100
Image01143.jpg,312,312,36,R-301-100
Image01192.jpg,258,258,36,R-301-100
Image01194.jpg,158,158,36,R-301-100
Image01232.jpg,342,342,36,R-301-100
Image01251.jpg,404,404,36,R-301-100
Image01253.jpg,330,330,36,R-301-100
Image01281.jpg,306,306,36,R-301-100
Image01345.jpg,384,384,36,R-301-100
Image01346.jpg,92,92,36,R-301-100
Image01347.jpg,136,136,36,R-301-100
Image01363.jpg,302,302,36,R-301-100
Image00820.jpg,210,210,37,R-301-120
Image00921.jpg,128,128,37,R-301-120
Image01087.jpg,286,286,37,R-301-120
Image01114.jpg,314,314,37,R-301-120
Image01115.jpg,264,264,37,R-301-120
Image01207.jpg,380,380,37,R-301-120
Image01414.jpg,132,132,37,R-301-120
Image01415.jpg,192,192,37,R-301-120
Image01417.jpg,254,254,37,R-301-120
Image00946.jpg,96,96,38,R-302
Image01020.jpg,150,150,38,R-302
Image01088.jpg,176,176,38,R-302
Image01098.jpg,632,632,38,R-302
Image01212.jpg,158,158,38,R-302
Image01213.jpg,100,100,38,R-302
Image01263.jpg,278,278,38,R-302
Image01335.jpg,318,318,38,R-302
Image01336.jpg,194,194,38,R-302
Image01338.jpg,168,168,38,R-302
Image01339.jpg,206,206,38,R-302
Image01374.jpg,362,362,38,R-302
Image01318.jpg,252,252,39,R-303
Image00923.jpg,126,126,39,R-303
Image00924.jpg,212,212,39,R-303
Image00926.jpg,296,296,39,R-303
Image00928.jpg,186,186,39,R-303
Image00935.jpg,246,246,39,R-303
Image00939.jpg,262,262,39,R-303
Image00950.jpg,66,66,39,R-303
Image00953.jpg,74,74,39,R-303
Image00967.jpg,260,260,39,R-303
Image01049.jpg,110,110,39,R-303
Image01051.jpg,188,188,39,R-303
Image01079.jpg,218,218,39,R-303
Image01223.jpg,182,182,39,R-303
Image01256.jpg,162,162,39,R-303
Image01267.jpg,308,308,39,R-303
Image01282.jpg,272,272,39,R-303
Image01292.jpg,164,164,39,R-303
Image01293.jpg,200,200,39,R-303
Image01340.jpg,382,382,39,R-303
Image01368.jpg,212,212,39,R-303
Image01369.jpg,272,272,39,R-303
Image01373.jpg,606,606,39,R-303
Image01378.jpg,246,246,39,R-303
Image01396.jpg,90,90,39,R-303
Image01399.jpg,144,144,39,R-303
Image01402.jpg,138,138,39,R-303
Image01403.jpg,152,152,39,R-303
Image01409.jpg,112,112,39,R-303
Image01410.jpg,168,168,39,R-303
Image01411.jpg,338,338,39,R-303
Image01412.jpg,236,236,39,R-303
Image01413.jpg,372,372,39,R-303
Image01416.jpg,134,134,39,R-303
Image01425.jpg,194,194,39,R-303
Image01430.jpg,188,188,39,R-303
Image00945.jpg,112,112,40,R-304
Image01314.jpg,210,210,40,R-304
Image01163.jpg,170,170,41,R-305
Image01349.jpg,204,204,41,R-305
Image00808.jpg,198,198,41,R-305
Image00809.jpg,254,254,41,R-305
Image00821.jpg,204,204,41,R-305
Image00824.jpg,150,150,41,R-305
Image00825.jpg,116,116,41,R-305
Image00836.jpg,90,90,41,R-305
Image00846.jpg,158,158,41,R-305
Image00847.jpg,258,258,41,R-305
Image00849.jpg,98,98,41,R-305
Image00862.jpg,180,180,41,R-305
Image00863.jpg,122,122,41,R-305
Image00868.jpg,188,188,41,R-305
Image00869.jpg,158,158,41,R-305
Image00870.jpg,168,168,41,R-305
Image00874.jpg,392,392,41,R-305
Image00877.jpg,392,392,41,R-305
Image00894.jpg,272,272,41,R-305
Image00899.jpg,230,230,41,R-305
Image00907.jpg,240,240,41,R-305
Image00908.jpg,510,510,41,R-305
Image00949.jpg,242,242,41,R-305
Image01113.jpg,210,210,41,R-305
Image01140.jpg,176,176,41,R-305
Image01145.jpg,264,264,41,R-305
Image01146.jpg,180,180,41,R-305
Image01147.jpg,122,122,41,R-305
Image01151.jpg,266,266,41,R-305
Image01160.jpg,162,162,41,R-305
Image01161.jpg,150,150,41,R-305
Image01353.jpg,176,176,41,R-305
Image01354.jpg,244,244,41,R-305
Image01367.jpg,78,78,41,R-305
Image01377.jpg,162,162,41,R-305
Image01384.jpg,174,174,41,R-305
Image01386.jpg,212,212,41,R-305
Image01390.jpg,186,186,41,R-305
Image01392.jpg,300,300,41,R-305
Image01418.jpg,150,150,41,R-305
Image01421.jpg,150,150,41,R-305
Image01422.jpg,224,224,41,R-305
Image01426.jpg,138,138,41,R-305
Image01428.jpg,176,176,41,R-305
Image01432.jpg,118,118,41,R-305
Image01433.jpg,116,116,41,R-305
Image01434.jpg,174,174,41,R-305
Image01435.jpg,162,162,41,R-305
Image01164.jpg,182,182,41,R-305
Image01170.jpg,180,180,41,R-305
Image01177.jpg,192,192,41,R-305
Image01178.jpg,130,130,41,R-305
Image01183.jpg,356,356,41,R-305
Image01217.jpg,170,170,41,R-305
Image01230.jpg,180,180,41,R-305
Image01279.jpg,216,216,41,R-305
Image01280.jpg,338,338,41,R-305
Image01291.jpg,170,170,41,R-305
Image01294.jpg,162,162,41,R-305
Image01297.jpg,208,208,41,R-305
Image01303.jpg,180,180,41,R-305
Image01308.jpg,416,416,41,R-305
Image01311.jpg,140,140,41,R-305
Image01332.jpg,196,196,41,R-305
Image01348.jpg,408,408,41,R-305
Image00810.jpg,90,90,43,R-307
Image00811.jpg,106,106,43,R-307
Image00813.jpg,86,86,43,R-307
Image00839.jpg,80,80,43,R-307
Image00845.jpg,242,242,43,R-307
Image00853.jpg,226,226,43,R-307
Image00854.jpg,92,92,43,R-307
Image00856.jpg,126,126,43,R-307
Image00857.jpg,180,180,43,R-307
Image00858.jpg,308,308,43,R-307
Image00859.jpg,120,120,43,R-307
Image00887.jpg,350,350,43,R-307
Image00889.jpg,260,260,43,R-307
Image00891.jpg,230,230,43,R-307
Image00892.jpg,452,452,43,R-307
Image00914.jpg,446,446,43,R-307
Image00916.jpg,222,222,43,R-307
Image00918.jpg,234,234,43,R-307
Image00919.jpg,648,648,43,R-307
Image00927.jpg,246,246,43,R-307
Image01069.jpg,452,452,43,R-307
Image01070.jpg,128,128,43,R-307
Image01071.jpg,96,96,43,R-307
Image01072.jpg,218,218,43,R-307
Image01073.jpg,107,107,43,R-307
Image01074.jpg,92,92,43,R-307
Image01075.jpg,186,186,43,R-307
Image01076.jpg,538,538,43,R-307
Image01078.jpg,110,110,43,R-307
Image01080.jpg,92,92,43,R-307
Image01081.jpg,90,90,43,R-307
Image01082.jpg,152,152,43,R-307
Image01083.jpg,156,156,43,R-307
Image01089.jpg,260,260,43,R-307
Image01149.jpg,108,108,43,R-307
Image01154.jpg,56,56,43,R-307
Image01219.jpg,186,186,43,R-307
Image01221.jpg,210,210,43,R-307
Image01222.jpg,146,146,43,R-307
Image01224.jpg,188,188,43,R-307
Image01225.jpg,198,198,43,R-307
Image01226.jpg,186,186,43,R-307
Image01257.jpg,144,144,43,R-307
Image01269.jpg,218,218,43,R-307
Image01271.jpg,240,240,43,R-307
Image01275.jpg,218,218,43,R-307
Image01298.jpg,128,128,43,R-307
Image01299.jpg,314,314,43,R-307
Image01047.jpg,188,188,43,R-307
Image01050.jpg,78,78,43,R-307
Image01052.jpg,122,122,43,R-307
Image01053.jpg,118,118,43,R-307
Image01054.jpg,120,120,43,R-307
Image01055.jpg,92,92,43,R-307
Image01056.jpg,128,128,43,R-307
Image01057.jpg,134,134,43,R-307
Image01058.jpg,96,96,43,R-307
Image01059.jpg,122,122,43,R-307
Image01060.jpg,244,244,43,R-307
Image01061.jpg,84,84,43,R-307
Image01062.jpg,92,92,43,R-307
Image01063.jpg,252,252,43,R-307
Image01064.jpg,122,122,43,R-307
Image01066.jpg,218,218,43,R-307
Image01067.jpg,174,174,43,R-307
Image01024.jpg,176,176,43,R-307
Image01025.jpg,120,120,43,R-307
Image01026.jpg,158,158,43,R-307
Image01027.jpg,226,226,43,R-307
Image01029.jpg,110,110,43,R-307
Image01030.jpg,146,146,43,R-307
Image01031.jpg,198,198,43,R-307
Image01032.jpg,246,246,43,R-307
Image01034.jpg,96,96,43,R-307
Image01035.jpg,198,198,43,R-307
Image01036.jpg,110,110,43,R-307
Image01037.jpg,132,132,43,R-307
Image01038.jpg,122,122,43,R-307
Image01039.jpg,138,138,43,R-307
Image01043.jpg,146,146,43,R-307
Image01044.jpg,146,146,43,R-307
Image01045.jpg,140,140,43,R-307
Image00929.jpg,212,212,43,R-307
Image00964.jpg,110,110,43,R-307
Image00990.jpg,174,174,43,R-307
Image01023.jpg,138,138,43,R-307
Image01046.jpg,146,146,43,R-307
Image01068.jpg,270,270,43,R-307
Image01312.jpg,206,206,43,R-307
Image00991.jpg,120,120,43,R-307
Image00992.jpg,138,138,43,R-307
Image00993.jpg,146,146,43,R-307
Image00998.jpg,128,128,43,R-307
Image00999.jpg,124,124,43,R-307
Image01000.jpg,122,122,43,R-307
Image01001.jpg,156,156,43,R-307
Image01002.jpg,126,126,43,R-307
Image01003.jpg,140,140,43,R-307
Image01005.jpg,162,162,43,R-307
Image01010.jpg,140,140,43,R-307
Image01011.jpg,202,202,43,R-307
Image01012.jpg,164,164,43,R-307
Image01013.jpg,176,176,43,R-307
Image01014.jpg,122,122,43,R-307
Image01015.jpg,186,186,43,R-307
Image01022.jpg,176,176,43,R-307
Image00966.jpg,164,164,43,R-307
Image00969.jpg,356,356,43,R-307
Image00970.jpg,146,146,43,R-307
Image00971.jpg,182,182,43,R-307
Image00972.jpg,138,138,43,R-307
Image00973.jpg,188,188,43,R-307
Image00974.jpg,276,276,43,R-307
Image00976.jpg,230,230,43,R-307
Image00977.jpg,144,144,43,R-307
Image00978.jpg,156,156,43,R-307
Image00979.jpg,114,114,43,R-307
Image00980.jpg,122,122,43,R-307
Image00985.jpg,158,158,43,R-307
Image00986.jpg,86,86,43,R-307
Image00987.jpg,168,168,43,R-307
Image00988.jpg,144,144,43,R-307
Image00989.jpg,140,140,43,R-307
Image00930.jpg,320,320,43,R-307
Image00931.jpg,250,250,43,R-307
Image00932.jpg,302,302,43,R-307
Image00942.jpg,234,234,43,R-307
Image00947.jpg,96,96,43,R-307
Image00948.jpg,96,96,43,R-307
Image00951.jpg,92,92,43,R-307
Image00952.jpg,78,78,43,R-307
Image00954.jpg,134,134,43,R-307
Image00955.jpg,66,66,43,R-307
Image00957.jpg,216,216,43,R-307
Image00958.jpg,180,180,43,R-307
Image00959.jpg,170,170,43,R-307
Image00960.jpg,248,248,43,R-307
Image00961.jpg,132,132,43,R-307
Image00962.jpg,410,410,43,R-307
Image00963.jpg,272,272,43,R-307
Image01315.jpg,240,240,43,R-307
Image01317.jpg,176,176,43,R-307
Image01319.jpg,198,198,43,R-307
Image01320.jpg,530,530,43,R-307
Image01322.jpg,280,280,43,R-307
Image01323.jpg,326,326,43,R-307
Image01329.jpg,150,150,43,R-307
Image01330.jpg,596,596,43,R-307
Image01334.jpg,230,230,43,R-307
Image01337.jpg,304,304,43,R-307
Image01341.jpg,504,504,43,R-307
Image01370.jpg,216,216,43,R-307
Image01371.jpg,330,330,43,R-307
Image01372.jpg,224,224,43,R-307
Image01375.jpg,580,580,43,R-307
Image01379.jpg,324,324,43,R-307
Image01380.jpg,632,632,43,R-307
Image00833.jpg,270,270,44,R-308
Image00834.jpg,150,150,44,R-308
Image00835.jpg,242,242,44,R-308
Image00841.jpg,170,170,44,R-308
Image00842.jpg,234,234,44,R-308
Image00843.jpg,122,122,44,R-308
Image00844.jpg,242,242,44,R-308
Image00968.jpg,132,132,44,R-308
Image01048.jpg,78,78,44,R-308
Image01084.jpg,254,254,44,R-308
Image01093.jpg,488,488,44,R-308
Image01250.jpg,212,212,44,R-308
Image01290.jpg,134,134,44,R-308
Image01325.jpg,242,242,44,R-308
Image01326.jpg,500,500,44,R-308
Image01327.jpg,360,360,44,R-308
Image01328.jpg,584,584,44,R-308
Image01352.jpg,156,156,44,R-308
Image00504.jpg,264,264,52,R-400a
Image00536.jpg,354,354,52,R-400a
Image00537.jpg,218,218,52,R-400a
Image00584.jpg,218,218,52,R-400a
Image00609.jpg,252,252,52,R-400a
Image00610.jpg,174,174,52,R-400a
Image00618.jpg,232,232,52,R-400a
Image00619.jpg,414,414,52,R-400a
Image00623.jpg,194,194,52,R-400a
Image00627.jpg,182,182,52,R-400a
Image00628.jpg,314,314,52,R-400a
Image00505.jpg,142,142,53,R-400b
Image00506.jpg,208,208,53,R-400b
Image00507.jpg,156,156,53,R-400b
Image00611.jpg,432,432,53,R-400b
Image00620.jpg,246,246,53,R-400b
Image00516.jpg,266,266,54,R-400c
Image00524.jpg,186,186,54,R-400c
Image00525.jpg,288,288,54,R-400c
Image00527.jpg,156,156,54,R-400c
Image00530.jpg,180,180,54,R-400c
Image00534.jpg,218,218,54,R-400c
Image00538.jpg,200,200,54,R-400c
Image00564.jpg,248,248,54,R-400c
Image00574.jpg,234,234,54,R-400c
Image00586.jpg,152,152,54,R-400c
Image00587.jpg,260,260,54,R-400c
Image00588.jpg,456,456,54,R-400c
Image00589.jpg,534,534,54,R-400c
Image00590.jpg,160,160,54,R-400c
Image00591.jpg,332,332,54,R-400c
Image00592.jpg,240,240,54,R-400c
Image00593.jpg,168,168,54,R-400c
Image00594.jpg,170,170,54,R-400c
Image00602.jpg,212,212,54,R-400c
Image00617.jpg,266,266,54,R-400c
Image00622.jpg,272,272,54,R-400c
Image00632.jpg,270,270,54,R-400c
Image00633.jpg,642,642,54,R-400c
Image00635.jpg,294,294,54,R-400c
Image00519.jpg,566,566,55,R-400d
Image00573.jpg,378,378,58,R-402
Image00502.jpg,228,228,58,R-402
Image00503.jpg,296,296,58,R-402
Image00528.jpg,176,176,58,R-402
Image00529.jpg,192,192,58,R-402
Image00540.jpg,246,246,58,R-402
Image00541.jpg,338,338,58,R-402
Image00542.jpg,186,186,58,R-402
Image00543.jpg,274,274,58,R-402
Image00544.jpg,308,308,58,R-402
Image00545.jpg,252,252,58,R-402
Image00547.jpg,156,156,58,R-402
Image00548.jpg,296,296,58,R-402
Image00549.jpg,374,374,58,R-402
Image00550.jpg,338,338,58,R-402
Image00551.jpg,314,314,58,R-402
Image00553.jpg,258,258,58,R-402
Image00554.jpg,164,164,58,R-402
Image00557.jpg,394,394,58,R-402
Image00558.jpg,366,366,58,R-402
Image00559.jpg,428,428,58,R-402
Image00561.jpg,234,234,58,R-402
Image00562.jpg,296,296,58,R-402
Image00563.jpg,182,182,58,R-402
Image00566.jpg,306,306,58,R-402
Image00568.jpg,216,216,58,R-402
Image00569.jpg,430,430,58,R-402
Image00570.jpg,396,396,58,R-402
Image00571.jpg,294,294,58,R-402
Image00572.jpg,230,230,58,R-402
Image00579.jpg,134,134,58,R-402
Image00595.jpg,486,486,58,R-402
Image00597.jpg,152,152,58,R-402
Image00598.jpg,188,188,58,R-402
Image00601.jpg,246,246,58,R-402
Image00603.jpg,226,226,58,R-402
Image00606.jpg,282,282,58,R-402
Image00608.jpg,328,328,58,R-402
Image00613.jpg,222,222,58,R-402
Image00614.jpg,264,264,58,R-402
Image00624.jpg,116,116,58,R-402
Image00625.jpg,170,170,58,R-402
Image00626.jpg,182,182,58,R-402
Image00629.jpg,218,218,58,R-402
Image00630.jpg,234,234,58,R-402
Image00631.jpg,398,398,58,R-402
Image00637.jpg,298,298,58,R-402
Image00616.jpg,452,452,63,R-407a
Image00634.jpg,224,224,68,R-411
Image00636.jpg,342,342,68,R-411
Image00535.jpg,182,182,70,R-413
Image00575.jpg,264,264,70,R-413
Image00577.jpg,314,314,70,R-413
Image00653.jpg,310,310,84,P-1
Image00655.jpg,608,608,84,P-1
Image00682.jpg,338,338,84,P-1
Image00683.jpg,198,198,84,P-1
Image00708.jpg,320,320,84,P-1
Image00743.jpg,146,146,84,P-1
Image00746.jpg,312,312,84,P-1
Image00748.jpg,578,578,84,P-1
Image00753.jpg,174,174,84,P-1
Image00776.jpg,638,638,84,P-1
Image00780.jpg,348,348,84,P-1
Image00784.jpg,410,410,84,P-1
Image00785.jpg,206,206,84,P-1
Image00786.jpg,144,144,84,P-1
Image00793.jpg,216,216,84,P-1
Image00638.jpg,138,138,85,P-1a
Image00644.jpg,114,114,85,P-1a
Image00657.jpg,638,638,85,P-1a
Image00769.jpg,204,204,85,P-1a
Image00773.jpg,180,180,85,P-1a
Image00783.jpg,150,150,85,P-1a
Image00803.jpg,140,140,85,P-1a
Image00646.jpg,206,206,86,P-1b
Image00652.jpg,252,252,86,P-1b
Image00664.jpg,364,364,86,P-1b
Image00749.jpg,432,432,86,P-1b
Image00757.jpg,594,594,86,P-1b
Image00770.jpg,186,186,86,P-1b
Image00800.jpg,168,168,86,P-1b
Image00665.jpg,296,296,87,P-1c
Image00681.jpg,158,158,87,P-1c
Image00742.jpg,536,536,87,P-1c
Image00745.jpg,700,700,87,P-1c
Image00764.jpg,252,252,87,P-1c
Image00806.jpg,254,254,87,P-1c
Image00807.jpg,222,222,87,P-1c
Image00737.jpg,282,282,90,P-3
Image00740.jpg,398,398,90,P-3
Image00663.jpg,488,488,91,P-4
Image00666.jpg,438,438,91,P-4
Image00668.jpg,534,534,91,P-4
Image00669.jpg,380,380,91,P-4
Image00670.jpg,360,360,91,P-4
Image00671.jpg,338,338,91,P-4
Image00672.jpg,320,320,91,P-4
Image00673.jpg,452,452,91,P-4
Image00674.jpg,570,570,91,P-4
Image00675.jpg,474,474,91,P-4
Image00676.jpg,320,320,91,P-4
Image00677.jpg,446,446,91,P-4
Image00678.jpg,464,464,91,P-4
Image00684.jpg,260,260,91,P-4
Image00685.jpg,260,260,91,P-4
Image00687.jpg,290,290,91,P-4
Image00716.jpg,700,700,91,P-4
Image00717.jpg,700,697,91,P-4
Image00718.jpg,242,242,91,P-4
Image00719.jpg,286,286,91,P-4
Image00720.jpg,452,452,91,P-4
Image00735.jpg,624,624,91,P-4
Image00739.jpg,440,440,91,P-4
Image00741.jpg,698,686,91,P-4
Image00747.jpg,582,582,91,P-4
Image00752.jpg,206,206,91,P-4
Image00758.jpg,500,500,91,P-4
Image00762.jpg,426,426,91,P-4
Image00763.jpg,200,200,91,P-4
Image00792.jpg,308,308,91,P-4
Image00643.jpg,254,254,105,P-13a
Image00661.jpg,668,668,105,P-13a
Image00704.jpg,206,206,105,P-13a
Image00724.jpg,404,404,105,P-13a
Image00744.jpg,648,648,105,P-13a
Image00760.jpg,260,260,105,P-13a
Image00761.jpg,476,476,105,P-13a
Image00787.jpg,252,252,105,P-13a
Image00801.jpg,218,218,105,P-13a
Image00802.jpg,420,420,105,P-13a
Image00642.jpg,210,210,106,P-13b
Image00689.jpg,164,164,106,P-13b
Image00756.jpg,408,408,106,P-13b
Image00767.jpg,146,146,106,P-13b
Image00771.jpg,240,240,106,P-13b
Image00797.jpg,700,700,106,P-13b
Image00804.jpg,644,644,106,P-13b
Image00805.jpg,210,210,106,P-13b
Image00640.jpg,316,316,107,P-14a
Image00659.jpg,494,494,107,P-14a
Image00734.jpg,318,318,107,P-14a
Image00698.jpg,302,302,108,P-14b
Image00705.jpg,252,252,108,P-14b
Image00723.jpg,546,546,108,P-14b
Image00729.jpg,428,428,108,P-14b
Image00778.jpg,158,158,108,P-14b
Image00754.jpg,590,590,109,P-15
Image00774.jpg,680,680,109,P-15
Image00650.jpg,180,180,110,P-15a
Image00654.jpg,256,244,110,P-15a
Image00662.jpg,378,378,110,P-15a
Image00688.jpg,306,306,110,P-15a
Image00690.jpg,234,234,110,P-15a
Image00691.jpg,284,284,110,P-15a
Image00692.jpg,180,180,110,P-15a
Image00693.jpg,252,252,110,P-15a
Image00694.jpg,200,200,110,P-15a
Image00697.jpg,284,284,110,P-15a
Image00701.jpg,180,180,110,P-15a
Image00702.jpg,146,146,110,P-15a
Image00711.jpg,194,194,110,P-15a
Image00712.jpg,162,162,110,P-15a
Image00713.jpg,134,134,110,P-15a
Image00725.jpg,662,632,110,P-15a
Image00728.jpg,474,474,110,P-15a
Image00733.jpg,266,266,110,P-15a
Image00751.jpg,286,286,110,P-15a
Image00765.jpg,152,152,110,P-15a
Image00775.jpg,386,386,110,P-15a
Image00779.jpg,168,168,110,P-15a
Image00781.jpg,266,266,110,P-15a
Image00782.jpg,284,284,110,P-15a
Image00639.jpg,302,302,114,P-17
Image00658.jpg,528,528,114,P-17
Image00686.jpg,302,302,114,P-17
Image00730.jpg,162,162,114,P-17
Image00696.jpg,182,182,118,P-19
Image00727.jpg,480,480,118,P-19
Image00645.jpg,188,188,119,P-20
Image00651.jpg,156,156,119,P-20
Image00699.jpg,162,162,119,P-20
Image00706.jpg,128,128,119,P-20
Image00714.jpg,134,134,119,P-20
Image00722.jpg,306,306,119,P-20
Image00777.jpg,576,576,119,P-20
Image00788.jpg,300,300,119,P-20
Image00789.jpg,354,354,119,P-20
Image00790.jpg,228,228,119,P-20
Image00791.jpg,218,218,119,P-20
Image00656.jpg,386,386,120,P-21
Image00703.jpg,194,194,120,P-21
Image00726.jpg,344,344,120,P-21
Image00732.jpg,446,446,120,P-21
Image00759.jpg,200,200,120,P-21
Image00798.jpg,246,246,120,P-21
Image00794.jpg,340,340,122,P-23
Image00795.jpg,428,428,122,P-23
Image00648.jpg,198,198,123,P-24
Image00649.jpg,266,266,123,P-24
Image00667.jpg,590,590,123,P-24
Image00679.jpg,164,164,123,P-24
Image00700.jpg,158,158,123,P-24
Image00707.jpg,138,138,123,P-24
Image00721.jpg,326,326,123,P-24
Image00736.jpg,262,262,123,P-24
Image00738.jpg,318,318,123,P-24
Image00755.jpg,290,290,123,P-24
Image00766.jpg,182,182,123,P-24
Image00768.jpg,90,90,123,P-24
Image00772.jpg,264,264,123,P-24
Image00796.jpg,504,504,123,P-24
Image00799.jpg,252,252,123,P-24
Image00647.jpg,260,260,124,P-25
Image00709.jpg,246,246,124,P-25
Image00710.jpg,218,218,124,P-25
Image00731.jpg,398,398,124,P-25
Image00641.jpg,296,296,125,P-26
Image00660.jpg,594,594,125,P-26
Image00750.jpg,162,162,126,P-27
Image00680.jpg,192,192,133,P-34
Image00715.jpg,394,394,133,P-34
Image00695.jpg,254,254,134,P-50
Image00337.jpg,246,246,135,S-1
Image00338.jpg,228,228,135,S-1
Image00349.jpg,174,174,136,S-1a
Image00330.jpg,204,204,137,S-2
Image00333.jpg,404,404,137,S-2
Image00500.jpg,516,516,137,S-2
Image00335.jpg,174,174,138,S-2a
Image00377.jpg,248,248,141,S-5
Image00388.jpg,642,642,141,S-5
Image00446.jpg,486,486,141,S-5
Image00389.jpg,98,98,147,S-11
Image00359.jpg,302,302,148,S-11a
Image00368.jpg,234,234,148,S-11a
Image00370.jpg,308,308,148,S-11a
Image00372.jpg,474,474,148,S-11a
Image00373.jpg,310,310,148,S-11a
Image00379.jpg,374,374,148,S-11a
Image00380.jpg,290,290,148,S-11a
Image00381.jpg,264,264,148,S-11a
Image00390.jpg,378,378,148,S-11a
Image00396.jpg,332,332,148,S-11a
Image00408.jpg,512,512,148,S-11a
Image00416.jpg,560,560,148,S-11a
Image00417.jpg,652,652,148,S-11a
Image00418.jpg,380,380,148,S-11a
Image00426.jpg,456,456,148,S-11a
Image00456.jpg,294,294,148,S-11a
Image00319.jpg,260,260,151,S-13
Image00327.jpg,260,260,151,S-13
Image00328.jpg,502,502,151,S-13
Image00339.jpg,216,216,151,S-13
Image00340.jpg,192,192,151,S-13
Image00342.jpg,144,144,151,S-13
Image00343.jpg,200,200,151,S-13
Image00344.jpg,224,224,151,S-13
Image00345.jpg,252,252,151,S-13
Image00346.jpg,348,348,151,S-13
Image00348.jpg,162,162,151,S-13
Image00353.jpg,156,156,151,S-13
Image00354.jpg,166,166,151,S-13
Image00355.jpg,170,170,151,S-13
Image00357.jpg,329,329,151,S-13
Image00360.jpg,428,428,151,S-13
Image00374.jpg,230,230,151,S-13
Image00375.jpg,222,222,151,S-13
Image00376.jpg,206,206,151,S-13
Image00378.jpg,180,180,151,S-13
Image00382.jpg,240,240,151,S-13
Image00384.jpg,156,156,151,S-13
Image00385.jpg,180,180,151,S-13
Image00386.jpg,294,294,151,S-13
Image00387.jpg,302,302,151,S-13
Image00391.jpg,240,240,151,S-13
Image00392.jpg,216,216,151,S-13
Image00463.jpg,494,494,151,S-13
Image00465.jpg,242,242,151,S-13
Image00469.jpg,452,452,151,S-13
Image00470.jpg,104,104,151,S-13
Image00472.jpg,158,158,151,S-13
Image00474.jpg,116,116,151,S-13
Image00477.jpg,248,248,151,S-13
Image00479.jpg,188,188,151,S-13
Image00481.jpg,138,138,151,S-13
Image00483.jpg,168,168,151,S-13
Image00485.jpg,164,164,151,S-13
Image00486.jpg,596,596,151,S-13
Image00487.jpg,700,700,151,S-13
Image00492.jpg,398,398,151,S-13
Image00493.jpg,240,240,151,S-13
Image00495.jpg,442,438,151,S-13
Image00499.jpg,324,324,151,S-13
Image00427.jpg,200,200,151,S-13
Image00428.jpg,462,462,151,S-13
Image00429.jpg,288,261,151,S-13
Image00432.jpg,180,180,151,S-13
Image00435.jpg,198,198,151,S-13
Image00438.jpg,416,416,151,S-13
Image00440.jpg,156,156,151,S-13
Image00442.jpg,272,272,151,S-13
Image00443.jpg,386,386,151,S-13
Image00449.jpg,138,138,151,S-13
Image00450.jpg,226,226,151,S-13
Image00451.jpg,252,252,151,S-13
Image00452.jpg,380,380,151,S-13
Image00454.jpg,202,202,151,S-13
Image00459.jpg,236,236,151,S-13
Image00460.jpg,180,180,151,S-13
Image00461.jpg,236,236,151,S-13
Image00394.jpg,302,302,151,S-13
Image00400.jpg,260,260,151,S-13
Image00401.jpg,138,138,151,S-13
Image00403.jpg,138,138,151,S-13
Image00405.jpg,186,186,151,S-13
Image00406.jpg,208,208,151,S-13
Image00407.jpg,222,222,151,S-13
Image00410.jpg,216,216,151,S-13
Image00411.jpg,212,212,151,S-13
Image00413.jpg,240,240,151,S-13
Image00414.jpg,180,180,151,S-13
Image00415.jpg,428,428,151,S-13
Image00419.jpg,186,186,151,S-13
Image00420.jpg,146,146,151,S-13
Image00421.jpg,204,204,151,S-13
Image00422.jpg,152,152,151,S-13
Image00423.jpg,170,170,151,S-13
Image00393.jpg,216,216,151,S-13
Image00424.jpg,288,288,151,S-13
Image00462.jpg,360,360,151,S-13
Image00433.jpg,162,162,154,S-15a
Image00466.jpg,144,144,154,S-15a
Image00320.jpg,144,144,159,S-17
Image00321.jpg,128,128,159,S-17
Image00341.jpg,282,282,159,S-17
Image00358.jpg,176,176,159,S-17
Image00383.jpg,174,174,159,S-17
Image00402.jpg,200,200,159,S-17
Image00404.jpg,110,110,159,S-17
Image00409.jpg,140,140,159,S-17
Image00430.jpg,152,152,159,S-17
Image00471.jpg,86,86,159,S-17
Image00476.jpg,126,126,159,S-17
Image00478.jpg,164,164,159,S-17
Image00482.jpg,260,260,159,S-17
Image00484.jpg,152,152,159,S-17
Image00496.jpg,164,164,159,S-17
Image00497.jpg,132,132,159,S-17
Image00356.jpg,146,146,160,S-18
Image00455.jpg,270,270,160,S-18
Image00489.jpg,256,256,160,S-18
Image00498.jpg,192,192,160,S-18
Image00329.jpg,224,224,161,S-19
Image00412.jpg,672,672,161,S-19
Image00437.jpg,296,296,161,S-19
Image00441.jpg,306,306,161,S-19
Image00445.jpg,444,444,161,S-19
Image00457.jpg,224,224,161,S-19
Image00467.jpg,218,218,161,S-19
Image00494.jpg,246,246,161,S-19
Image00324.jpg,122,122,164,S-22
Image00491.jpg,634,634,164,S-22
Image00395.jpg,376,376,166,S-24
Image00347.jpg,128,128,167,S-25
Image00364.jpg,286,286,167,S-25
Image00367.jpg,290,290,167,S-25
Image00371.jpg,266,266,167,S-25
Image00332.jpg,700,700,168,S-26a
Image00369.jpg,278,278,168,S-26a
Image00399.jpg,700,700,168,S-26a
Image00365.jpg,274,274,169,S-26b
Image00366.jpg,638,638,170,S-26c
Image00444.jpg,700,661,182,S-50a
Image00334.jpg,140,140,183,S-50b
Image00326.jpg,150,150,190,S-52b
Image00331.jpg,150,150,190,S-52b
Image00434.jpg,558,558,190,S-52b
Image00439.jpg,290,290,194,S-60b
Image00350.jpg,294,294,195,S-61a
Image00351.jpg,184,184,195,S-61a
Image00352.jpg,328,328,195,S-61a
Image00436.jpg,536,536,204,S-102
Image00447.jpg,348,348,207,S-105
Image00488.jpg,488,488,207,S-105
Image00448.jpg,416,416,209,S-107
Image00325.jpg,212,212,224,S-122
Image00490.jpg,510,510,225,S-123
Image00612.jpg,288,288,230,
Image01388.jpg,108,108,230,
Image01394.jpg,220,220,230,
Image01397.jpg,308,308,230,
Image01400.jpg,386,386,230,
Image00322.jpg,128,128,231,S-7-40
Image00323.jpg,158,158,231,S-7-40
Image00336.jpg,192,192,231,S-7-40
Image00362.jpg,408,408,231,S-7-40
Image00453.jpg,108,108,231,S-7-40
Image00464.jpg,186,186,231,S-7-40
Image00361.jpg,332,332,237,S-7-80
Image00363.jpg,210,210,237,S-7-80
Image00397.jpg,312,312,237,S-7-80
Image00398.jpg,350,350,237,S-7-80
Image00425.jpg,122,122,242,S-17-minus
Image00431.jpg,168,168,242,S-17-minus
Image00458.jpg,350,350,242,S-17-minus
Image00468.jpg,366,366,242,S-17-minus
Image00473.jpg,160,160,242,S-17-minus
Image00475.jpg,120,120,242,S-17-minus
Image00480.jpg,150,150,242,S-17-minus
Image01316.jpg,236,236,244,R-301-20
Image01169.jpg,188,188,245,R-301-40
Image01300.jpg,190,190,245,R-301-40
Image00837.jpg,144,144,245,R-301-40
Image00838.jpg,90,90,245,R-301-40
Image00861.jpg,140,140,245,R-301-40
Image00871.jpg,134,134,245,R-301-40
Image00875.jpg,216,216,245,R-301-40
Image00878.jpg,174,174,245,R-301-40
Image00879.jpg,306,306,245,R-301-40
Image00881.jpg,122,122,245,R-301-40
Image00900.jpg,242,242,245,R-301-40
Image00902.jpg,536,536,245,R-301-40
Image00910.jpg,200,200,245,R-301-40
Image00944.jpg,156,156,245,R-301-40
Image00965.jpg,122,122,245,R-301-40
Image01033.jpg,140,140,245,R-301-40
Image01097.jpg,252,252,245,R-301-40
Image01104.jpg,190,190,245,R-301-40
Image01123.jpg,320,320,245,R-301-40
Image01128.jpg,296,296,245,R-301-40
Image01132.jpg,260,260,245,R-301-40
Image01135.jpg,282,282,245,R-301-40
Image01138.jpg,230,230,245,R-301-40
Image01142.jpg,322,322,245,R-301-40
Image01155.jpg,146,146,245,R-301-40
Image01165.jpg,206,206,245,R-301-40
Image01166.jpg,180,180,245,R-301-40
Image01168.jpg,156,156,245,R-301-40
Image01301.jpg,420,420,245,R-301-40
Image01305.jpg,134,134,245,R-301-40
Image01306.jpg,218,218,245,R-301-40
Image01310.jpg,284,284,245,R-301-40
Image01333.jpg,272,272,245,R-301-40
Image01351.jpg,188,188,245,R-301-40
Image01376.jpg,204,204,245,R-301-40
Image01385.jpg,176,176,245,R-301-40
Image01387.jpg,240,240,245,R-301-40
Image01391.jpg,200,200,245,R-301-40
Image01393.jpg,294,294,245,R-301-40
Image01406.jpg,222,222,245,R-301-40
Image01407.jpg,390,390,245,R-301-40
Image01408.jpg,456,456,245,R-301-40
Image01420.jpg,120,120,245,R-301-40
Image01423.jpg,224,224,245,R-301-40
Image01424.jpg,210,210,245,R-301-40
Image01181.jpg,192,192,245,R-301-40
Image01187.jpg,230,230,245,R-301-40
Image01193.jpg,134,134,245,R-301-40
Image01195.jpg,218,218,245,R-301-40
Image01229.jpg,120,120,245,R-301-40
Image01234.jpg,486,486,245,R-301-40
Image01239.jpg,386,386,245,R-301-40
Image01249.jpg,474,474,245,R-301-40
Image01252.jpg,336,336,245,R-301-40
Image01258.jpg,260,260,245,R-301-40
Image01259.jpg,324,324,245,R-301-40
Image01265.jpg,302,302,245,R-301-40
Image01268.jpg,338,338,245,R-301-40
Image01276.jpg,408,408,245,R-301-40
Image01283.jpg,330,330,245,R-301-40
Image01295.jpg,152,152,245,R-301-40
Image01296.jpg,593,618,245,R-301-40
Image00822.jpg,218,218,246,R-301-60
Image00848.jpg,128,128,246,R-301-60
Image00866.jpg,174,174,246,R-301-60
Image00873.jpg,124,124,246,R-301-60
Image00895.jpg,120,120,246,R-301-60
Image00896.jpg,156,156,246,R-301-60
Image00897.jpg,288,288,246,R-301-60
Image00898.jpg,270,270,246,R-301-60
Image01096.jpg,214,214,246,R-301-60
Image01103.jpg,284,284,246,R-301-60
Image01116.jpg,408,408,246,R-301-60
Image01122.jpg,262,262,246,R-301-60
Image01127.jpg,266,266,246,R-301-60
Image01130.jpg,224,224,246,R-301-60
Image01134.jpg,206,206,246,R-301-60
Image01137.jpg,254,254,246,R-301-60
Image01141.jpg,296,296,246,R-301-60
Image01144.jpg,270,270,246,R-301-60
Image01162.jpg,344,344,246,R-301-60
Image01182.jpg,204,204,246,R-301-60
Image01184.jpg,160,160,246,R-301-60
Image01188.jpg,138,138,246,R-301-60
Image01190.jpg,164,164,246,R-301-60
Image01238.jpg,422,422,246,R-301-60
Image01274.jpg,270,270,246,R-301-60
Image01331.jpg,230,230,246,R-301-60
Image01427.jpg,184,184,246,R-301-60
Image01429.jpg,188,188,246,R-301-60
Image00917.jpg,218,218,247,R-301-80
Image00815.jpg,152,152,247,R-301-80
Image00816.jpg,206,206,247,R-301-80
Image00817.jpg,252,252,247,R-301-80
Image00818.jpg,174,174,247,R-301-80
Image00819.jpg,312,312,247,R-301-80
Image00826.jpg,180,180,247,R-301-80
Image00850.jpg,164,164,247,R-301-80
Image00851.jpg,174,174,247,R-301-80
Image00852.jpg,120,120,247,R-301-80
Image00855.jpg,130,130,247,R-301-80
Image00860.jpg,156,156,247,R-301-80
Image00885.jpg,126,126,247,R-301-80
Image00886.jpg,370,370,247,R-301-80
Image00888.jpg,282,282,247,R-301-80
Image00890.jpg,218,218,247,R-301-80
Image00893.jpg,408,408,247,R-301-80
Image00901.jpg,106,106,247,R-301-80
Image00912.jpg,164,164,247,R-301-80
Image00913.jpg,156,156,247,R-301-80
Image00915.jpg,248,248,247,R-301-80
Image00920.jpg,688,698,247,R-301-80
Image01129.jpg,318,318,247,R-301-80
Image01133.jpg,338,338,247,R-301-80
Image01136.jpg,288,288,247,R-301-80
Image01139.jpg,254,254,247,R-301-80
Image01150.jpg,186,186,247,R-301-80
Image01159.jpg,164,164,247,R-301-80
Image01185.jpg,182,182,247,R-301-80
Image01186.jpg,146,146,247,R-301-80
Image01189.jpg,200,200,247,R-301-80
Image01191.jpg,186,186,247,R-301-80
Image01233.jpg,222,222,247,R-301-80
Image01236.jpg,150,150,247,R-301-80
Image01278.jpg,222,222,247,R-301-80
Image01289.jpg,290,290,247,R-301-80
Image01419.jpg,108,108,247,R-301-80
Image01431.jpg,120,120,247,R-301-80
Image00533.jpg,198,198,251,R-403a
Image00621.jpg,248,248,251,R-403a
Image00555.jpg,188,188,252,R-401a
Image00501.jpg,420,420,252,R-401a
Image00508.jpg,170,170,252,R-401a
Image00509.jpg,272,272,252,R-401a
Image00510.jpg,320,320,252,R-401a
Image00511.jpg,276,276,252,R-401a
Image00512.jpg,302,302,252,R-401a
Image00513.jpg,320,320,252,R-401a
Image00514.jpg,326,326,252,R-401a
Image00515.jpg,348,348,252,R-401a
Image00517.jpg,312,312,252,R-401a
Image00518.jpg,168,168,252,R-401a
Image00520.jpg,392,392,252,R-401a
Image00521.jpg,186,186,252,R-401a
Image00522.jpg,284,284,252,R-401a
Image00523.jpg,198,198,252,R-401a
Image00526.jpg,188,188,252,R-401a
Image00531.jpg,134,134,252,R-401a
Image00532.jpg,114,114,252,R-401a
Image00539.jpg,330,330,252,R-401a
Image00546.jpg,422,422,252,R-401a
Image00552.jpg,270,270,252,R-401a
Image00556.jpg,246,246,252,R-401a
Image00560.jpg,374,374,252,R-401a
Image00565.jpg,378,378,252,R-401a
Image00567.jpg,218,218,252,R-401a
Image00576.jpg,282,282,252,R-401a
Image00578.jpg,248,248,252,R-401a
Image00580.jpg,266,266,252,R-401a
Image00582.jpg,246,246,252,R-401a
Image00583.jpg,248,248,252,R-401a
Image00585.jpg,138,138,252,R-401a
Image00596.jpg,584,584,252,R-401a
Image00599.jpg,152,152,252,R-401a
Image00600.jpg,314,314,252,R-401a
Image00604.jpg,152,152,252,R-401a
Image00605.jpg,186,186,252,R-401a
Image00607.jpg,230,230,252,R-401a
Image00615.jpg,288,288,252,R-401a
Image00581.jpg,182,182,253,R-403c
