image,width,height,dataset_country,mixset_id,spain_id,germany_id,belgium_id
Image00001.jpg,174,174,spa,1,R-1,13,19
Image00002.jpg,240,240,spa,1,R-1,13,19
Image00003.jpg,320,320,spa,1,R-1,13,19
Image00004.jpg,120,120,spa,1,R-1,13,19
Image00005.jpg,86,86,spa,1,R-1,13,19
Image00006.jpg,116,116,spa,1,R-1,13,19
Image00007.jpg,170,170,spa,1,R-1,13,19
Image00008.jpg,222,222,spa,1,R-1,13,19
Image00009.jpg,318,318,spa,1,R-1,13,19
Image00010.jpg,440,440,spa,1,R-1,13,19
Image00011.jpg,240,240,spa,1,R-1,13,19
Image00012.jpg,244,244,spa,1,R-1,13,19
Image00013.jpg,276,276,spa,1,R-1,13,19
Image00014.jpg,300,300,spa,1,R-1,13,19
Image00015.jpg,330,330,spa,1,R-1,13,19
Image00016.jpg,252,252,spa,1,R-1,13,19
Image00017.jpg,162,162,spa,1,R-1,13,19
Image00018.jpg,182,182,spa,1,R-1,13,19
Image00019.jpg,154,154,spa,1,R-1,13,19
Image00020.jpg,240,240,spa,1,R-1,13,19
Image00112.jpg,182,182,spa,1,R-1,13,19
Image00113.jpg,552,552,spa,1,R-1,13,19
Image00114.jpg,648,648,spa,1,R-1,13,19
Image00115.jpg,466,474,spa,1,R-1,13,19
Image00116.jpg,246,246,spa,1,R-1,13,19
Image00117.jpg,700,700,spa,1,R-1,13,19
Image00118.jpg,348,348,spa,1,R-1,13,19
Image00119.jpg,446,446,spa,1,R-1,13,19
Image00120.jpg,456,456,spa,1,R-1,13,19
Image00121.jpg,446,446,spa,1,R-1,13,19
Image00122.jpg,384,384,spa,1,R-1,13,19
Image00123.jpg,244,244,spa,1,R-1,13,19
Image00124.jpg,558,558,spa,1,R-1,13,19
Image00125.jpg,200,200,spa,1,R-1,13,19
Image00126.jpg,356,356,spa,1,R-1,13,19
Image00127.jpg,630,630,spa,1,R-1,13,19
Image00128.jpg,254,254,spa,1,R-1,13,19
Image00129.jpg,222,222,spa,1,R-1,13,19
Image00130.jpg,152,152,spa,1,R-1,13,19
Image00131.jpg,428,428,spa,1,R-1,13,19
Image00132.jpg,366,366,spa,1,R-1,13,19
Image00133.jpg,482,482,spa,1,R-1,13,19
Image00134.jpg,272,272,spa,1,R-1,13,19
Image00094.jpg,326,326,spa,1,R-1,13,19
Image00095.jpg,290,290,spa,1,R-1,13,19
Image00096.jpg,260,260,spa,1,R-1,13,19
Image00097.jpg,386,386,spa,1,R-1,13,19
Image00098.jpg,204,204,spa,1,R-1,13,19
Image00099.jpg,234,234,spa,1,R-1,13,19
Image00100.jpg,312,312,spa,1,R-1,13,19
Image00101.jpg,170,170,spa,1,R-1,13,19
Image00102.jpg,236,236,spa,1,R-1,13,19
Image00103.jpg,280,280,spa,1,R-1,13,19
Image00104.jpg,272,272,spa,1,R-1,13,19
Image00105.jpg,266,266,spa,1,R-1,13,19
Image00106.jpg,284,284,spa,1,R-1,13,19
Image00107.jpg,210,210,spa,1,R-1,13,19
Image00108.jpg,170,170,spa,1,R-1,13,19
Image00109.jpg,168,168,spa,1,R-1,13,19
Image00110.jpg,168,168,spa,1,R-1,13,19
Image00076.jpg,356,356,spa,1,R-1,13,19
Image00077.jpg,504,504,spa,1,R-1,13,19
Image00078.jpg,390,390,spa,1,R-1,13,19
Image00079.jpg,391,381,spa,1,R-1,13,19
Image00080.jpg,318,318,spa,1,R-1,13,19
Image00081.jpg,374,374,spa,1,R-1,13,19
Image00082.jpg,338,338,spa,1,R-1,13,19
Image00083.jpg,330,330,spa,1,R-1,13,19
Image00084.jpg,360,360,spa,1,R-1,13,19
Image00085.jpg,396,396,spa,1,R-1,13,19
Image00086.jpg,464,464,spa,1,R-1,13,19
Image00087.jpg,534,534,spa,1,R-1,13,19
Image00088.jpg,374,374,spa,1,R-1,13,19
Image00089.jpg,522,522,spa,1,R-1,13,19
Image00090.jpg,288,288,spa,1,R-1,13,19
Image00091.jpg,474,474,spa,1,R-1,13,19
Image00092.jpg,366,366,spa,1,R-1,13,19
Image00021.jpg,168,168,spa,1,R-1,13,19
Image00039.jpg,272,272,spa,1,R-1,13,19
Image00057.jpg,246,246,spa,1,R-1,13,19
Image00075.jpg,414,414,spa,1,R-1,13,19
Image00093.jpg,204,204,spa,1,R-1,13,19
Image00111.jpg,228,228,spa,1,R-1,13,19
Image00135.jpg,516,516,spa,1,R-1,13,19
Image00153.jpg,222,222,spa,1,R-1,13,19
Image00058.jpg,246,246,spa,1,R-1,13,19
Image00059.jpg,260,260,spa,1,R-1,13,19
Image00060.jpg,278,278,spa,1,R-1,13,19
Image00061.jpg,270,270,spa,1,R-1,13,19
Image00062.jpg,218,218,spa,1,R-1,13,19
Image00063.jpg,116,116,spa,1,R-1,13,19
Image00064.jpg,258,258,spa,1,R-1,13,19
Image00065.jpg,390,390,spa,1,R-1,13,19
Image00066.jpg,102,102,spa,1,R-1,13,19
Image00067.jpg,114,114,spa,1,R-1,13,19
Image00068.jpg,242,242,spa,1,R-1,13,19
Image00069.jpg,200,200,spa,1,R-1,13,19
Image00070.jpg,162,162,spa,1,R-1,13,19
Image00071.jpg,158,158,spa,1,R-1,13,19
Image00072.jpg,294,294,spa,1,R-1,13,19
Image00073.jpg,384,384,spa,1,R-1,13,19
Image00074.jpg,504,504,spa,1,R-1,13,19
Image00040.jpg,117,118,spa,1,R-1,13,19
Image00041.jpg,212,212,spa,1,R-1,13,19
Image00042.jpg,314,314,spa,1,R-1,13,19
Image00043.jpg,510,510,spa,1,R-1,13,19
Image00044.jpg,186,186,spa,1,R-1,13,19
Image00045.jpg,492,492,spa,1,R-1,13,19
Image00046.jpg,224,224,spa,1,R-1,13,19
Image00047.jpg,334,334,spa,1,R-1,13,19
Image00048.jpg,570,570,spa,1,R-1,13,19
Image00049.jpg,294,294,spa,1,R-1,13,19
Image00050.jpg,198,198,spa,1,R-1,13,19
Image00051.jpg,378,378,spa,1,R-1,13,19
Image00052.jpg,164,164,spa,1,R-1,13,19
Image00053.jpg,182,182,spa,1,R-1,13,19
Image00054.jpg,198,198,spa,1,R-1,13,19
Image00055.jpg,230,230,spa,1,R-1,13,19
Image00056.jpg,234,234,spa,1,R-1,13,19
Image00022.jpg,144,144,spa,1,R-1,13,19
Image00023.jpg,344,344,spa,1,R-1,13,19
Image00024.jpg,504,504,spa,1,R-1,13,19
Image00025.jpg,290,290,spa,1,R-1,13,19
Image00026.jpg,190,190,spa,1,R-1,13,19
Image00027.jpg,132,132,spa,1,R-1,13,19
Image00028.jpg,144,144,spa,1,R-1,13,19
Image00029.jpg,108,108,spa,1,R-1,13,19
Image00030.jpg,150,150,spa,1,R-1,13,19
Image00031.jpg,112,112,spa,1,R-1,13,19
Image00032.jpg,266,266,spa,1,R-1,13,19
Image00033.jpg,206,206,spa,1,R-1,13,19
Image00034.jpg,122,122,spa,1,R-1,13,19
Image00035.jpg,152,152,spa,1,R-1,13,19
Image00036.jpg,266,266,spa,1,R-1,13,19
Image00037.jpg,120,120,spa,1,R-1,13,19
Image00038.jpg,144,144,spa,1,R-1,13,19
Image00154.jpg,138,138,spa,1,R-1,13,19
Image00155.jpg,174,174,spa,1,R-1,13,19
Image00156.jpg,228,228,spa,1,R-1,13,19
Image00157.jpg,194,194,spa,1,R-1,13,19
Image00158.jpg,246,246,spa,1,R-1,13,19
Image00159.jpg,350,350,spa,1,R-1,13,19
Image00160.jpg,194,194,spa,1,R-1,13,19
Image00161.jpg,150,150,spa,1,R-1,13,19
Image00162.jpg,158,158,spa,1,R-1,13,19
Image00163.jpg,306,306,spa,1,R-1,13,19
Image00164.jpg,200,200,spa,1,R-1,13,19
Image00165.jpg,486,486,spa,1,R-1,13,19
Image00166.jpg,130,130,spa,1,R-1,13,19
Image00167.jpg,182,182,spa,1,R-1,13,19
Image00168.jpg,170,170,spa,1,R-1,13,19
Image00169.jpg,476,476,spa,1,R-1,13,19
Image00170.jpg,700,700,spa,1,R-1,13,19
Image00136.jpg,492,492,spa,1,R-1,13,19
Image00137.jpg,636,636,spa,1,R-1,13,19
Image00138.jpg,318,318,spa,1,R-1,13,19
Image00139.jpg,262,262,spa,1,R-1,13,19
Image00140.jpg,350,350,spa,1,R-1,13,19
Image00141.jpg,308,308,spa,1,R-1,13,19
Image00142.jpg,330,330,spa,1,R-1,13,19
Image00143.jpg,312,312,spa,1,R-1,13,19
Image00144.jpg,678,678,spa,1,R-1,13,19
Image00145.jpg,348,348,spa,1,R-1,13,19
Image00146.jpg,312,312,spa,1,R-1,13,19
Image00147.jpg,220,220,spa,1,R-1,13,19
Image00148.jpg,404,404,spa,1,R-1,13,19
Image00149.jpg,480,480,spa,1,R-1,13,19
Image00150.jpg,218,218,spa,1,R-1,13,19
Image00151.jpg,200,200,spa,1,R-1,13,19
Image00152.jpg,332,332,spa,1,R-1,13,19
Image01461.jpg,200,200,spa,2,R-2,14,21
Image01436.jpg,162,162,spa,2,R-2,14,21
Image01437.jpg,94,94,spa,2,R-2,14,21
Image01438.jpg,98,98,spa,2,R-2,14,21
Image01439.jpg,116,116,spa,2,R-2,14,21
Image01440.jpg,98,98,spa,2,R-2,14,21
Image01441.jpg,370,370,spa,2,R-2,14,21
Image01442.jpg,446,446,spa,2,R-2,14,21
Image01443.jpg,180,180,spa,2,R-2,14,21
Image01444.jpg,226,226,spa,2,R-2,14,21
Image01445.jpg,280,280,spa,2,R-2,14,21
Image01446.jpg,330,330,spa,2,R-2,14,21
Image01447.jpg,602,602,spa,2,R-2,14,21
Image01448.jpg,594,594,spa,2,R-2,14,21
Image01449.jpg,160,160,spa,2,R-2,14,21
Image01450.jpg,230,230,spa,2,R-2,14,21
Image01451.jpg,128,128,spa,2,R-2,14,21
Image01452.jpg,486,486,spa,2,R-2,14,21
Image01453.jpg,200,200,spa,2,R-2,14,21
Image01454.jpg,138,138,spa,2,R-2,14,21
Image01455.jpg,174,174,spa,2,R-2,14,21
Image01456.jpg,126,126,spa,2,R-2,14,21
Image01457.jpg,186,186,spa,2,R-2,14,21
Image01458.jpg,180,180,spa,2,R-2,14,21
Image01459.jpg,178,178,spa,2,R-2,14,21
Image01460.jpg,336,336,spa,2,R-2,14,21
Image01462.jpg,204,204,spa,2,R-2,14,21
Image01463.jpg,134,134,spa,2,R-2,14,21
Image01464.jpg,210,210,spa,2,R-2,14,21
Image01465.jpg,462,462,spa,2,R-2,14,21
Image01466.jpg,276,276,spa,2,R-2,14,21
Image01467.jpg,116,116,spa,2,R-2,14,21
Image01468.jpg,90,90,spa,2,R-2,14,21
Image01469.jpg,236,236,spa,2,R-2,14,21
Image01470.jpg,180,180,spa,2,R-2,14,21
Image01471.jpg,272,272,spa,2,R-2,14,21
Image01472.jpg,200,200,spa,2,R-2,14,21
Image01473.jpg,266,266,spa,2,R-2,14,21
Image01474.jpg,174,174,spa,2,R-2,14,21
Image01475.jpg,176,176,spa,2,R-2,14,21
Image01476.jpg,362,362,spa,2,R-2,14,21
Image01477.jpg,224,224,spa,2,R-2,14,21
Image01478.jpg,164,164,spa,2,R-2,14,21
Image00830.jpg,134,134,spa,7,R-100,15,28
Image00831.jpg,140,140,spa,7,R-100,15,28
Image00832.jpg,180,180,spa,7,R-100,15,28
Image00936.jpg,134,134,spa,7,R-100,15,28
Image00940.jpg,230,230,spa,7,R-100,15,28
Image00943.jpg,268,268,spa,7,R-100,15,28
Image01042.jpg,138,138,spa,7,R-100,15,28
Image01065.jpg,212,212,spa,7,R-100,15,28
Image01085.jpg,174,174,spa,7,R-100,15,28
Image01086.jpg,144,144,spa,7,R-100,15,28
Image01091.jpg,234,234,spa,7,R-100,15,28
Image01148.jpg,252,252,spa,7,R-100,15,28
Image01381.jpg,166,166,spa,7,R-100,15,28
Image01382.jpg,360,360,spa,7,R-100,15,28
Image00171.jpg,92,92,spa,8,R-101,17,22
Image00172.jpg,98,98,spa,8,R-101,17,22
Image00173.jpg,104,104,spa,8,R-101,17,22
Image00174.jpg,174,174,spa,8,R-101,17,22
Image00175.jpg,306,306,spa,8,R-101,17,22
Image00176.jpg,110,110,spa,8,R-101,17,22
Image00177.jpg,76,76,spa,8,R-101,17,22
Image00178.jpg,102,102,spa,8,R-101,17,22
Image00179.jpg,90,90,spa,8,R-101,17,22
Image00180.jpg,78,78,spa,8,R-101,17,22
Image00181.jpg,284,284,spa,8,R-101,17,22
Image00182.jpg,200,200,spa,8,R-101,17,22
Image00183.jpg,146,146,spa,8,R-101,17,22
Image00184.jpg,180,180,spa,8,R-101,17,22
Image00185.jpg,302,302,spa,8,R-101,17,22
Image00186.jpg,200,200,spa,8,R-101,17,22
Image00187.jpg,182,182,spa,8,R-101,17,22
Image00188.jpg,140,140,spa,8,R-101,17,22
Image00189.jpg,140,140,spa,8,R-101,17,22
Image00190.jpg,90,90,spa,8,R-101,17,22
Image00282.jpg,324,324,spa,8,R-101,17,22
Image00283.jpg,662,662,spa,8,R-101,17,22
Image00284.jpg,662,662,spa,8,R-101,17,22
Image00285.jpg,374,374,spa,8,R-101,17,22
Image00286.jpg,138,138,spa,8,R-101,17,22
Image00287.jpg,114,114,spa,8,R-101,17,22
Image00288.jpg,200,200,spa,8,R-101,17,22
Image00289.jpg,258,258,spa,8,R-101,17,22
Image00290.jpg,116,116,spa,8,R-101,17,22
Image00291.jpg,114,114,spa,8,R-101,17,22
Image00292.jpg,138,138,spa,8,R-101,17,22
Image00293.jpg,272,272,spa,8,R-101,17,22
Image00294.jpg,164,164,spa,8,R-101,17,22
Image00295.jpg,356,356,spa,8,R-101,17,22
Image00296.jpg,290,290,spa,8,R-101,17,22
Image00297.jpg,316,316,spa,8,R-101,17,22
Image00298.jpg,168,168,spa,8,R-101,17,22
Image00299.jpg,186,186,spa,8,R-101,17,22
Image00300.jpg,150,150,spa,8,R-101,17,22
Image00264.jpg,120,120,spa,8,R-101,17,22
Image00265.jpg,120,120,spa,8,R-101,17,22
Image00266.jpg,128,128,spa,8,R-101,17,22
Image00267.jpg,200,200,spa,8,R-101,17,22
Image00268.jpg,228,228,spa,8,R-101,17,22
Image00269.jpg,296,296,spa,8,R-101,17,22
Image00270.jpg,180,180,spa,8,R-101,17,22
Image00271.jpg,134,134,spa,8,R-101,17,22
Image00272.jpg,126,126,spa,8,R-101,17,22
Image00273.jpg,92,92,spa,8,R-101,17,22
Image00274.jpg,150,150,spa,8,R-101,17,22
Image00275.jpg,126,126,spa,8,R-101,17,22
Image00276.jpg,342,342,spa,8,R-101,17,22
Image00277.jpg,126,126,spa,8,R-101,17,22
Image00278.jpg,260,260,spa,8,R-101,17,22
Image00279.jpg,182,182,spa,8,R-101,17,22
Image00280.jpg,330,330,spa,8,R-101,17,22
Image00246.jpg,182,182,spa,8,R-101,17,22
Image00247.jpg,140,140,spa,8,R-101,17,22
Image00248.jpg,152,152,spa,8,R-101,17,22
Image00249.jpg,196,196,spa,8,R-101,17,22
Image00250.jpg,114,114,spa,8,R-101,17,22
Image00251.jpg,80,80,spa,8,R-101,17,22
Image00252.jpg,426,426,spa,8,R-101,17,22
Image00253.jpg,68,68,spa,8,R-101,17,22
Image00254.jpg,258,258,spa,8,R-101,17,22
Image00255.jpg,140,140,spa,8,R-101,17,22
Image00256.jpg,212,212,spa,8,R-101,17,22
Image00257.jpg,172,172,spa,8,R-101,17,22
Image00258.jpg,122,122,spa,8,R-101,17,22
Image00259.jpg,126,126,spa,8,R-101,17,22
Image00260.jpg,182,182,spa,8,R-101,17,22
Image00261.jpg,186,186,spa,8,R-101,17,22
Image00262.jpg,390,390,spa,8,R-101,17,22
Image00191.jpg,210,210,spa,8,R-101,17,22
Image00209.jpg,62,62,spa,8,R-101,17,22
Image00227.jpg,92,92,spa,8,R-101,17,22
Image00245.jpg,224,224,spa,8,R-101,17,22
Image00263.jpg,78,78,spa,8,R-101,17,22
Image00281.jpg,194,194,spa,8,R-101,17,22
Image00301.jpg,206,206,spa,8,R-101,17,22
Image00228.jpg,110,110,spa,8,R-101,17,22
Image00229.jpg,134,134,spa,8,R-101,17,22
Image00230.jpg,78,78,spa,8,R-101,17,22
Image00231.jpg,158,158,spa,8,R-101,17,22
Image00232.jpg,92,92,spa,8,R-101,17,22
Image00233.jpg,74,74,spa,8,R-101,17,22
Image00234.jpg,218,218,spa,8,R-101,17,22
Image00235.jpg,116,116,spa,8,R-101,17,22
Image00236.jpg,100,100,spa,8,R-101,17,22
Image00237.jpg,84,84,spa,8,R-101,17,22
Image00238.jpg,90,90,spa,8,R-101,17,22
Image00239.jpg,110,110,spa,8,R-101,17,22
Image00240.jpg,104,104,spa,8,R-101,17,22
Image00241.jpg,74,74,spa,8,R-101,17,22
Image00242.jpg,104,104,spa,8,R-101,17,22
Image00243.jpg,104,104,spa,8,R-101,17,22
Image00244.jpg,134,134,spa,8,R-101,17,22
Image00210.jpg,138,138,spa,8,R-101,17,22
Image00211.jpg,92,92,spa,8,R-101,17,22
Image00212.jpg,66,66,spa,8,R-101,17,22
Image00213.jpg,350,350,spa,8,R-101,17,22
Image00214.jpg,182,182,spa,8,R-101,17,22
Image00215.jpg,252,252,spa,8,R-101,17,22
Image00216.jpg,276,276,spa,8,R-101,17,22
Image00217.jpg,110,110,spa,8,R-101,17,22
Image00218.jpg,80,80,spa,8,R-101,17,22
Image00219.jpg,72,72,spa,8,R-101,17,22
Image00220.jpg,134,134,spa,8,R-101,17,22
Image00221.jpg,134,134,spa,8,R-101,17,22
Image00222.jpg,140,140,spa,8,R-101,17,22
Image00223.jpg,72,72,spa,8,R-101,17,22
Image00224.jpg,86,86,spa,8,R-101,17,22
Image00225.jpg,134,134,spa,8,R-101,17,22
Image00226.jpg,138,138,spa,8,R-101,17,22
Image00192.jpg,128,128,spa,8,R-101,17,22
Image00193.jpg,122,122,spa,8,R-101,17,22
Image00194.jpg,110,110,spa,8,R-101,17,22
Image00195.jpg,168,168,spa,8,R-101,17,22
Image00196.jpg,110,110,spa,8,R-101,17,22
Image00197.jpg,50,50,spa,8,R-101,17,22
Image00198.jpg,54,54,spa,8,R-101,17,22
Image00199.jpg,54,54,spa,8,R-101,17,22
Image00200.jpg,164,164,spa,8,R-101,17,22
Image00201.jpg,96,96,spa,8,R-101,17,22
Image00202.jpg,78,78,spa,8,R-101,17,22
Image00203.jpg,150,150,spa,8,R-101,17,22
Image00204.jpg,212,212,spa,8,R-101,17,22
Image00205.jpg,158,158,spa,8,R-101,17,22
Image00206.jpg,114,114,spa,8,R-101,17,22
Image00207.jpg,170,170,spa,8,R-101,17,22
Image00208.jpg,98,98,spa,8,R-101,17,22
Image00302.jpg,174,174,spa,8,R-101,17,22
Image00303.jpg,210,210,spa,8,R-101,17,22
Image00304.jpg,150,150,spa,8,R-101,17,22
Image00305.jpg,128,128,spa,8,R-101,17,22
Image00306.jpg,188,188,spa,8,R-101,17,22
Image00307.jpg,210,210,spa,8,R-101,17,22
Image00308.jpg,300,300,spa,8,R-101,17,22
Image00309.jpg,314,314,spa,8,R-101,17,22
Image00310.jpg,234,234,spa,8,R-101,17,22
Image00311.jpg,378,378,spa,8,R-101,17,22
Image00312.jpg,222,222,spa,8,R-101,17,22
Image00313.jpg,166,166,spa,8,R-101,17,22
Image00314.jpg,168,168,spa,8,R-101,17,22
Image00315.jpg,234,234,spa,8,R-101,17,22
Image00316.jpg,62,62,spa,8,R-101,17,22
Image00317.jpg,68,68,spa,8,R-101,17,22
Image00318.jpg,62,62,spa,8,R-101,17,22
Image00981.jpg,128,128,spa,12,R-105,,
Image00995.jpg,144,144,spa,12,R-105,,
Image01006.jpg,138,138,spa,12,R-105,,
Image01019.jpg,132,132,spa,12,R-105,,
Image01099.jpg,428,428,spa,12,R-105,,
Image01106.jpg,188,188,spa,12,R-105,,
Image01110.jpg,290,290,spa,12,R-105,,
Image01117.jpg,226,226,spa,12,R-105,,
Image01273.jpg,114,114,spa,13,R-106,16,25
Image00925.jpg,198,198,spa,14,R-107,,
Image00934.jpg,64,64,spa,14,R-107,,
Image00938.jpg,96,96,spa,14,R-107,,
Image00941.jpg,294,294,spa,14,R-107,,
Image00956.jpg,228,228,spa,14,R-107,,
Image01152.jpg,128,128,spa,14,R-107,,
Image01153.jpg,104,104,spa,14,R-107,,
Image01171.jpg,324,324,spa,14,R-107,,
Image01172.jpg,368,368,spa,14,R-107,,
Image01220.jpg,130,130,spa,14,R-107,,
Image01324.jpg,108,108,spa,14,R-107,,
Image01156.jpg,392,392,spa,15,R-108,,
Image00905.jpg,138,138,spa,18,R-111,,
Image00984.jpg,132,132,spa,18,R-111,,
Image00996.jpg,126,126,spa,18,R-111,,
Image01009.jpg,138,138,spa,18,R-111,,
Image01016.jpg,152,152,spa,18,R-111,,
Image01100.jpg,404,404,spa,18,R-111,,
Image01108.jpg,212,212,spa,18,R-111,,
Image01111.jpg,296,296,spa,18,R-111,,
Image01241.jpg,120,120,spa,18,R-111,,
Image01245.jpg,186,186,spa,18,R-111,,
Image01389.jpg,108,108,spa,18,R-111,,
Image01395.jpg,226,226,spa,18,R-111,,
Image01398.jpg,308,308,spa,18,R-111,,
Image01401.jpg,414,414,spa,18,R-111,,
Image00880.jpg,114,114,spa,20,R-113,,
Image00906.jpg,140,140,spa,20,R-113,,
Image00904.jpg,132,132,spa,21,R-114,,23
Image00983.jpg,132,132,spa,21,R-114,,23
Image00997.jpg,122,122,spa,21,R-114,,23
Image01008.jpg,134,134,spa,21,R-114,,23
Image01017.jpg,134,134,spa,21,R-114,,23
Image01101.jpg,344,344,spa,21,R-114,,23
Image01107.jpg,222,222,spa,21,R-114,,23
Image01112.jpg,338,338,spa,21,R-114,,23
Image01119.jpg,284,284,spa,21,R-114,,23
Image01242.jpg,116,116,spa,21,R-114,,23
Image01246.jpg,208,208,spa,21,R-114,,23
Image00903.jpg,120,120,spa,23,R-116,,
Image00982.jpg,126,126,spa,23,R-116,,
Image00994.jpg,126,126,spa,23,R-116,,
Image01007.jpg,120,120,spa,23,R-116,,
Image01018.jpg,128,128,spa,23,R-116,,
Image01102.jpg,336,336,spa,23,R-116,,
Image01105.jpg,216,216,spa,23,R-116,,
Image01109.jpg,320,320,spa,23,R-116,,
Image01118.jpg,248,248,spa,23,R-116,,
Image01176.jpg,360,360,spa,23,R-116,,
Image01240.jpg,136,136,spa,23,R-116,,
Image01244.jpg,192,192,spa,23,R-116,,
Image01285.jpg,180,180,spa,23,R-116,,
Image01286.jpg,252,252,spa,23,R-116,,
Image01243.jpg,138,138,spa,24,R-117,,
Image01247.jpg,210,210,spa,24,R-117,,
Image00823.jpg,102,102,spa,25,R-200,,
Image00872.jpg,182,182,spa,25,R-200,,
Image01090.jpg,240,240,spa,25,R-200,,
Image01405.jpg,188,188,spa,25,R-200,,
Image01206.jpg,98,98,spa,26,R-201,,24
Image01216.jpg,104,104,spa,26,R-201,,24
Image01228.jpg,116,116,spa,26,R-201,,24
Image01260.jpg,282,282,spa,26,R-201,,24
Image01321.jpg,244,244,spa,26,R-201,,24
Image01383.jpg,220,220,spa,26,R-201,,24
Image00828.jpg,182,182,spa,30,R-205,,27
Image00829.jpg,154,154,spa,30,R-205,,27
Image00840.jpg,146,146,spa,30,R-205,,27
Image00882.jpg,146,146,spa,30,R-205,,27
Image00883.jpg,240,240,spa,30,R-205,,27
Image01266.jpg,132,132,spa,30,R-205,,27
Image01126.jpg,194,194,spa,31,R-300,,
Image01131.jpg,234,234,spa,31,R-300,,
Image01158.jpg,276,276,spa,31,R-300,,
Image01210.jpg,404,404,spa,31,R-300,,
Image01231.jpg,224,224,spa,31,R-300,,
Image00933.jpg,114,114,spa,32,R-301-30,1,
Image00937.jpg,90,90,spa,32,R-301-30,1,
Image01040.jpg,126,126,spa,32,R-301-30,1,
Image01041.jpg,156,156,spa,32,R-301-30,1,
Image01197.jpg,198,198,spa,32,R-301-30,1,
Image01198.jpg,156,156,spa,32,R-301-30,1,
Image01200.jpg,158,158,spa,32,R-301-30,1,
Image01201.jpg,140,140,spa,32,R-301-30,1,
Image01202.jpg,152,152,spa,32,R-301-30,1,
Image01203.jpg,118,118,spa,32,R-301-30,1,
Image01204.jpg,158,158,spa,32,R-301-30,1,
Image01208.jpg,130,130,spa,32,R-301-30,1,
Image01209.jpg,98,98,spa,32,R-301-30,1,
Image01227.jpg,128,128,spa,32,R-301-30,1,
Image01262.jpg,398,398,spa,32,R-301-30,1,
Image01264.jpg,354,354,spa,32,R-301-30,1,
Image01270.jpg,240,240,spa,32,R-301-30,1,
Image01404.jpg,140,140,spa,32,R-301-30,1,
Image01255.jpg,198,198,spa,33,R-301-50,2,32
Image00876.jpg,380,380,spa,33,R-301-50,2,32
Image00975.jpg,180,180,spa,33,R-301-50,2,32
Image01004.jpg,134,134,spa,33,R-301-50,2,32
Image01021.jpg,166,166,spa,33,R-301-50,2,32
Image01028.jpg,174,174,spa,33,R-301-50,2,32
Image01077.jpg,368,368,spa,33,R-301-50,2,32
Image01094.jpg,176,176,spa,33,R-301-50,2,32
Image01095.jpg,306,306,spa,33,R-301-50,2,32
Image01120.jpg,198,198,spa,33,R-301-50,2,32
Image01157.jpg,200,200,spa,33,R-301-50,2,32
Image01173.jpg,128,128,spa,33,R-301-50,2,32
Image01174.jpg,192,192,spa,33,R-301-50,2,32
Image01179.jpg,182,182,spa,33,R-301-50,2,32
Image01180.jpg,146,146,spa,33,R-301-50,2,32
Image01196.jpg,198,198,spa,33,R-301-50,2,32
Image01199.jpg,132,132,spa,33,R-301-50,2,32
Image01205.jpg,96,96,spa,33,R-301-50,2,32
Image01211.jpg,126,126,spa,33,R-301-50,2,32
Image01214.jpg,104,104,spa,33,R-301-50,2,32
Image01215.jpg,104,104,spa,33,R-301-50,2,32
Image01218.jpg,176,176,spa,33,R-301-50,2,32
Image01235.jpg,242,242,spa,33,R-301-50,2,32
Image01237.jpg,200,200,spa,33,R-301-50,2,32
Image01248.jpg,138,138,spa,33,R-301-50,2,32
Image01254.jpg,270,270,spa,33,R-301-50,2,32
Image01261.jpg,300,300,spa,33,R-301-50,2,32
Image01272.jpg,266,266,spa,33,R-301-50,2,32
Image01277.jpg,252,252,spa,33,R-301-50,2,32
Image01287.jpg,128,128,spa,33,R-301-50,2,32
Image01288.jpg,290,290,spa,33,R-301-50,2,32
Image01313.jpg,414,414,spa,33,R-301-50,2,32
Image01344.jpg,685,686,spa,33,R-301-50,2,32
Image01350.jpg,284,284,spa,33,R-301-50,2,32
Image01355.jpg,152,152,spa,33,R-301-50,2,32
Image01356.jpg,156,156,spa,33,R-301-50,2,32
Image01357.jpg,140,140,spa,33,R-301-50,2,32
Image01358.jpg,120,120,spa,33,R-301-50,2,32
Image01359.jpg,100,100,spa,33,R-301-50,2,32
Image01360.jpg,164,164,spa,33,R-301-50,2,32
Image01361.jpg,128,128,spa,33,R-301-50,2,32
Image01365.jpg,500,500,spa,33,R-301-50,2,32
Image01366.jpg,204,204,spa,33,R-301-50,2,32
Image00864.jpg,156,156,spa,34,R-301-70,4,
Image00865.jpg,110,110,spa,34,R-301-70,4,
Image00867.jpg,112,112,spa,34,R-301-70,4,
Image00909.jpg,356,356,spa,34,R-301-70,4,
Image01167.jpg,144,144,spa,34,R-301-70,4,
Image01175.jpg,110,110,spa,34,R-301-70,4,
Image01284.jpg,342,342,spa,34,R-301-70,4,
Image01304.jpg,266,266,spa,34,R-301-70,4,
Image01309.jpg,236,236,spa,34,R-301-70,4,
Image01342.jpg,122,122,spa,34,R-301-70,4,
Image01343.jpg,270,270,spa,34,R-301-70,4,
Image01362.jpg,224,224,spa,34,R-301-70,4,
Image01364.jpg,162,162,spa,34,R-301-70,4,
Image01302.jpg,240,240,spa,35,R-301-90,,
Image01307.jpg,194,194,spa,35,R-301-90,,
Image00812.jpg,110,110,spa,36,R-301-100,7,
Image00814.jpg,132,132,spa,36,R-301-100,7,
Image00827.jpg,258,258,spa,36,R-301-100,7,
Image00884.jpg,114,114,spa,36,R-301-100,7,
Image00911.jpg,120,120,spa,36,R-301-100,7,
Image00922.jpg,162,162,spa,36,R-301-100,7,
Image01092.jpg,264,264,spa,36,R-301-100,7,
Image01121.jpg,360,360,spa,36,R-301-100,7,
Image01124.jpg,288,288,spa,36,R-301-100,7,
Image01125.jpg,284,284,spa,36,R-301-100,7,
Image01143.jpg,312,312,spa,36,R-301-100,7,
Image01192.jpg,258,258,spa,36,R-301-100,7,
Image01194.jpg,158,158,spa,36,R-301-100,7,
Image01232.jpg,342,342,spa,36,R-301-100,7,
Image01251.jpg,404,404,spa,36,R-301-100,7,
Image01253.jpg,330,330,spa,36,R-301-100,7,
Image01281.jpg,306,306,spa,36,R-301-100,7,
Image01345.jpg,384,384,spa,36,R-301-100,7,
Image01346.jpg,92,92,spa,36,R-301-100,7,
Image01347.jpg,136,136,spa,36,R-301-100,7,
Image01363.jpg,302,302,spa,36,R-301-100,7,
Image00820.jpg,210,210,spa,37,R-301-120,8,
Image00921.jpg,128,128,spa,37,R-301-120,8,
Image01087.jpg,286,286,spa,37,R-301-120,8,
Image01114.jpg,314,314,spa,37,R-301-120,8,
Image01115.jpg,264,264,spa,37,R-301-120,8,
Image01207.jpg,380,380,spa,37,R-301-120,8,
Image01414.jpg,132,132,spa,37,R-301-120,8,
Image01415.jpg,192,192,spa,37,R-301-120,8,
Image01417.jpg,254,254,spa,37,R-301-120,8,
Image00946.jpg,96,96,spa,38,R-302,,30
Image01020.jpg,150,150,spa,38,R-302,,30
Image01088.jpg,176,176,spa,38,R-302,,30
Image01098.jpg,632,632,spa,38,R-302,,30
Image01212.jpg,158,158,spa,38,R-302,,30
Image01213.jpg,100,100,spa,38,R-302,,30
Image01263.jpg,278,278,spa,38,R-302,,30
Image01335.jpg,318,318,spa,38,R-302,,30
Image01336.jpg,194,194,spa,38,R-302,,30
Image01338.jpg,168,168,spa,38,R-302,,30
Image01339.jpg,206,206,spa,38,R-302,,30
Image01374.jpg,362,362,spa,38,R-302,,30
Image01318.jpg,252,252,spa,39,R-303,,29
Image00923.jpg,126,126,spa,39,R-303,,29
Image00924.jpg,212,212,spa,39,R-303,,29
Image00926.jpg,296,296,spa,39,R-303,,29
Image00928.jpg,186,186,spa,39,R-303,,29
Image00935.jpg,246,246,spa,39,R-303,,29
Image00939.jpg,262,262,spa,39,R-303,,29
Image00950.jpg,66,66,spa,39,R-303,,29
Image00953.jpg,74,74,spa,39,R-303,,29
Image00967.jpg,260,260,spa,39,R-303,,29
Image01049.jpg,110,110,spa,39,R-303,,29
Image01051.jpg,188,188,spa,39,R-303,,29
Image01079.jpg,218,218,spa,39,R-303,,29
Image01223.jpg,182,182,spa,39,R-303,,29
Image01256.jpg,162,162,spa,39,R-303,,29
Image01267.jpg,308,308,spa,39,R-303,,29
Image01282.jpg,272,272,spa,39,R-303,,29
Image01292.jpg,164,164,spa,39,R-303,,29
Image01293.jpg,200,200,spa,39,R-303,,29
Image01340.jpg,382,382,spa,39,R-303,,29
Image01368.jpg,212,212,spa,39,R-303,,29
Image01369.jpg,272,272,spa,39,R-303,,29
Image01373.jpg,606,606,spa,39,R-303,,29
Image01378.jpg,246,246,spa,39,R-303,,29
Image01396.jpg,90,90,spa,39,R-303,,29
Image01399.jpg,144,144,spa,39,R-303,,29
Image01402.jpg,138,138,spa,39,R-303,,29
Image01403.jpg,152,152,spa,39,R-303,,29
Image01409.jpg,112,112,spa,39,R-303,,29
Image01410.jpg,168,168,spa,39,R-303,,29
Image01411.jpg,338,338,spa,39,R-303,,29
Image01412.jpg,236,236,spa,39,R-303,,29
Image01413.jpg,372,372,spa,39,R-303,,29
Image01416.jpg,134,134,spa,39,R-303,,29
Image01425.jpg,194,194,spa,39,R-303,,29
Image01430.jpg,188,188,spa,39,R-303,,29
Image00945.jpg,112,112,spa,40,R-304,,
Image01314.jpg,210,210,spa,40,R-304,,
Image01163.jpg,170,170,spa,41,R-305,9,31
Image01349.jpg,204,204,spa,41,R-305,9,31
Image00808.jpg,198,198,spa,41,R-305,9,31
Image00809.jpg,254,254,spa,41,R-305,9,31
Image00821.jpg,204,204,spa,41,R-305,9,31
Image00824.jpg,150,150,spa,41,R-305,9,31
Image00825.jpg,116,116,spa,41,R-305,9,31
Image00836.jpg,90,90,spa,41,R-305,9,31
Image00846.jpg,158,158,spa,41,R-305,9,31
Image00847.jpg,258,258,spa,41,R-305,9,31
Image00849.jpg,98,98,spa,41,R-305,9,31
Image00862.jpg,180,180,spa,41,R-305,9,31
Image00863.jpg,122,122,spa,41,R-305,9,31
Image00868.jpg,188,188,spa,41,R-305,9,31
Image00869.jpg,158,158,spa,41,R-305,9,31
Image00870.jpg,168,168,spa,41,R-305,9,31
Image00874.jpg,392,392,spa,41,R-305,9,31
Image00877.jpg,392,392,spa,41,R-305,9,31
Image00894.jpg,272,272,spa,41,R-305,9,31
Image00899.jpg,230,230,spa,41,R-305,9,31
Image00907.jpg,240,240,spa,41,R-305,9,31
Image00908.jpg,510,510,spa,41,R-305,9,31
Image00949.jpg,242,242,spa,41,R-305,9,31
Image01113.jpg,210,210,spa,41,R-305,9,31
Image01140.jpg,176,176,spa,41,R-305,9,31
Image01145.jpg,264,264,spa,41,R-305,9,31
Image01146.jpg,180,180,spa,41,R-305,9,31
Image01147.jpg,122,122,spa,41,R-305,9,31
Image01151.jpg,266,266,spa,41,R-305,9,31
Image01160.jpg,162,162,spa,41,R-305,9,31
Image01161.jpg,150,150,spa,41,R-305,9,31
Image01353.jpg,176,176,spa,41,R-305,9,31
Image01354.jpg,244,244,spa,41,R-305,9,31
Image01367.jpg,78,78,spa,41,R-305,9,31
Image01377.jpg,162,162,spa,41,R-305,9,31
Image01384.jpg,174,174,spa,41,R-305,9,31
Image01386.jpg,212,212,spa,41,R-305,9,31
Image01390.jpg,186,186,spa,41,R-305,9,31
Image01392.jpg,300,300,spa,41,R-305,9,31
Image01418.jpg,150,150,spa,41,R-305,9,31
Image01421.jpg,150,150,spa,41,R-305,9,31
Image01422.jpg,224,224,spa,41,R-305,9,31
Image01426.jpg,138,138,spa,41,R-305,9,31
Image01428.jpg,176,176,spa,41,R-305,9,31
Image01432.jpg,118,118,spa,41,R-305,9,31
Image01433.jpg,116,116,spa,41,R-305,9,31
Image01434.jpg,174,174,spa,41,R-305,9,31
Image01435.jpg,162,162,spa,41,R-305,9,31
Image01164.jpg,182,182,spa,41,R-305,9,31
Image01170.jpg,180,180,spa,41,R-305,9,31
Image01177.jpg,192,192,spa,41,R-305,9,31
Image01178.jpg,130,130,spa,41,R-305,9,31
Image01183.jpg,356,356,spa,41,R-305,9,31
Image01217.jpg,170,170,spa,41,R-305,9,31
Image01230.jpg,180,180,spa,41,R-305,9,31
Image01279.jpg,216,216,spa,41,R-305,9,31
Image01280.jpg,338,338,spa,41,R-305,9,31
Image01291.jpg,170,170,spa,41,R-305,9,31
Image01294.jpg,162,162,spa,41,R-305,9,31
Image01297.jpg,208,208,spa,41,R-305,9,31
Image01303.jpg,180,180,spa,41,R-305,9,31
Image01308.jpg,416,416,spa,41,R-305,9,31
Image01311.jpg,140,140,spa,41,R-305,9,31
Image01332.jpg,196,196,spa,41,R-305,9,31
Image01348.jpg,408,408,spa,41,R-305,9,31
Image00810.jpg,90,90,spa,43,R-307,,41
Image00811.jpg,106,106,spa,43,R-307,,41
Image00813.jpg,86,86,spa,43,R-307,,41
Image00839.jpg,80,80,spa,43,R-307,,41
Image00845.jpg,242,242,spa,43,R-307,,41
Image00853.jpg,226,226,spa,43,R-307,,41
Image00854.jpg,92,92,spa,43,R-307,,41
Image00856.jpg,126,126,spa,43,R-307,,41
Image00857.jpg,180,180,spa,43,R-307,,41
Image00858.jpg,308,308,spa,43,R-307,,41
Image00859.jpg,120,120,spa,43,R-307,,41
Image00887.jpg,350,350,spa,43,R-307,,41
Image00889.jpg,260,260,spa,43,R-307,,41
Image00891.jpg,230,230,spa,43,R-307,,41
Image00892.jpg,452,452,spa,43,R-307,,41
Image00914.jpg,446,446,spa,43,R-307,,41
Image00916.jpg,222,222,spa,43,R-307,,41
Image00918.jpg,234,234,spa,43,R-307,,41
Image00919.jpg,648,648,spa,43,R-307,,41
Image00927.jpg,246,246,spa,43,R-307,,41
Image01069.jpg,452,452,spa,43,R-307,,41
Image01070.jpg,128,128,spa,43,R-307,,41
Image01071.jpg,96,96,spa,43,R-307,,41
Image01072.jpg,218,218,spa,43,R-307,,41
Image01073.jpg,107,107,spa,43,R-307,,41
Image01074.jpg,92,92,spa,43,R-307,,41
Image01075.jpg,186,186,spa,43,R-307,,41
Image01076.jpg,538,538,spa,43,R-307,,41
Image01078.jpg,110,110,spa,43,R-307,,41
Image01080.jpg,92,92,spa,43,R-307,,41
Image01081.jpg,90,90,spa,43,R-307,,41
Image01082.jpg,152,152,spa,43,R-307,,41
Image01083.jpg,156,156,spa,43,R-307,,41
Image01089.jpg,260,260,spa,43,R-307,,41
Image01149.jpg,108,108,spa,43,R-307,,41
Image01154.jpg,56,56,spa,43,R-307,,41
Image01219.jpg,186,186,spa,43,R-307,,41
Image01221.jpg,210,210,spa,43,R-307,,41
Image01222.jpg,146,146,spa,43,R-307,,41
Image01224.jpg,188,188,spa,43,R-307,,41
Image01225.jpg,198,198,spa,43,R-307,,41
Image01226.jpg,186,186,spa,43,R-307,,41
Image01257.jpg,144,144,spa,43,R-307,,41
Image01269.jpg,218,218,spa,43,R-307,,41
Image01271.jpg,240,240,spa,43,R-307,,41
Image01275.jpg,218,218,spa,43,R-307,,41
Image01298.jpg,128,128,spa,43,R-307,,41
Image01299.jpg,314,314,spa,43,R-307,,41
Image01047.jpg,188,188,spa,43,R-307,,41
Image01050.jpg,78,78,spa,43,R-307,,41
Image01052.jpg,122,122,spa,43,R-307,,41
Image01053.jpg,118,118,spa,43,R-307,,41
Image01054.jpg,120,120,spa,43,R-307,,41
Image01055.jpg,92,92,spa,43,R-307,,41
Image01056.jpg,128,128,spa,43,R-307,,41
Image01057.jpg,134,134,spa,43,R-307,,41
Image01058.jpg,96,96,spa,43,R-307,,41
Image01059.jpg,122,122,spa,43,R-307,,41
Image01060.jpg,244,244,spa,43,R-307,,41
Image01061.jpg,84,84,spa,43,R-307,,41
Image01062.jpg,92,92,spa,43,R-307,,41
Image01063.jpg,252,252,spa,43,R-307,,41
Image01064.jpg,122,122,spa,43,R-307,,41
Image01066.jpg,218,218,spa,43,R-307,,41
Image01067.jpg,174,174,spa,43,R-307,,41
Image01024.jpg,176,176,spa,43,R-307,,41
Image01025.jpg,120,120,spa,43,R-307,,41
Image01026.jpg,158,158,spa,43,R-307,,41
Image01027.jpg,226,226,spa,43,R-307,,41
Image01029.jpg,110,110,spa,43,R-307,,41
Image01030.jpg,146,146,spa,43,R-307,,41
Image01031.jpg,198,198,spa,43,R-307,,41
Image01032.jpg,246,246,spa,43,R-307,,41
Image01034.jpg,96,96,spa,43,R-307,,41
Image01035.jpg,198,198,spa,43,R-307,,41
Image01036.jpg,110,110,spa,43,R-307,,41
Image01037.jpg,132,132,spa,43,R-307,,41
Image01038.jpg,122,122,spa,43,R-307,,41
Image01039.jpg,138,138,spa,43,R-307,,41
Image01043.jpg,146,146,spa,43,R-307,,41
Image01044.jpg,146,146,spa,43,R-307,,41
Image01045.jpg,140,140,spa,43,R-307,,41
Image00929.jpg,212,212,spa,43,R-307,,41
Image00964.jpg,110,110,spa,43,R-307,,41
Image00990.jpg,174,174,spa,43,R-307,,41
Image01023.jpg,138,138,spa,43,R-307,,41
Image01046.jpg,146,146,spa,43,R-307,,41
Image01068.jpg,270,270,spa,43,R-307,,41
Image01312.jpg,206,206,spa,43,R-307,,41
Image00991.jpg,120,120,spa,43,R-307,,41
Image00992.jpg,138,138,spa,43,R-307,,41
Image00993.jpg,146,146,spa,43,R-307,,41
Image00998.jpg,128,128,spa,43,R-307,,41
Image00999.jpg,124,124,spa,43,R-307,,41
Image01000.jpg,122,122,spa,43,R-307,,41
Image01001.jpg,156,156,spa,43,R-307,,41
Image01002.jpg,126,126,spa,43,R-307,,41
Image01003.jpg,140,140,spa,43,R-307,,41
Image01005.jpg,162,162,spa,43,R-307,,41
Image01010.jpg,140,140,spa,43,R-307,,41
Image01011.jpg,202,202,spa,43,R-307,,41
Image01012.jpg,164,164,spa,43,R-307,,41
Image01013.jpg,176,176,spa,43,R-307,,41
Image01014.jpg,122,122,spa,43,R-307,,41
Image01015.jpg,186,186,spa,43,R-307,,41
Image01022.jpg,176,176,spa,43,R-307,,41
Image00966.jpg,164,164,spa,43,R-307,,41
Image00969.jpg,356,356,spa,43,R-307,,41
Image00970.jpg,146,146,spa,43,R-307,,41
Image00971.jpg,182,182,spa,43,R-307,,41
Image00972.jpg,138,138,spa,43,R-307,,41
Image00973.jpg,188,188,spa,43,R-307,,41
Image00974.jpg,276,276,spa,43,R-307,,41
Image00976.jpg,230,230,spa,43,R-307,,41
Image00977.jpg,144,144,spa,43,R-307,,41
Image00978.jpg,156,156,spa,43,R-307,,41
Image00979.jpg,114,114,spa,43,R-307,,41
Image00980.jpg,122,122,spa,43,R-307,,41
Image00985.jpg,158,158,spa,43,R-307,,41
Image00986.jpg,86,86,spa,43,R-307,,41
Image00987.jpg,168,168,spa,43,R-307,,41
Image00988.jpg,144,144,spa,43,R-307,,41
Image00989.jpg,140,140,spa,43,R-307,,41
Image00930.jpg,320,320,spa,43,R-307,,41
Image00931.jpg,250,250,spa,43,R-307,,41
Image00932.jpg,302,302,spa,43,R-307,,41
Image00942.jpg,234,234,spa,43,R-307,,41
Image00947.jpg,96,96,spa,43,R-307,,41
Image00948.jpg,96,96,spa,43,R-307,,41
Image00951.jpg,92,92,spa,43,R-307,,41
Image00952.jpg,78,78,spa,43,R-307,,41
Image00954.jpg,134,134,spa,43,R-307,,41
Image00955.jpg,66,66,spa,43,R-307,,41
Image00957.jpg,216,216,spa,43,R-307,,41
Image00958.jpg,180,180,spa,43,R-307,,41
Image00959.jpg,170,170,spa,43,R-307,,41
Image00960.jpg,248,248,spa,43,R-307,,41
Image00961.jpg,132,132,spa,43,R-307,,41
Image00962.jpg,410,410,spa,43,R-307,,41
Image00963.jpg,272,272,spa,43,R-307,,41
Image01315.jpg,240,240,spa,43,R-307,,41
Image01317.jpg,176,176,spa,43,R-307,,41
Image01319.jpg,198,198,spa,43,R-307,,41
Image01320.jpg,530,530,spa,43,R-307,,41
Image01322.jpg,280,280,spa,43,R-307,,41
Image01323.jpg,326,326,spa,43,R-307,,41
Image01329.jpg,150,150,spa,43,R-307,,41
Image01330.jpg,596,596,spa,43,R-307,,41
Image01334.jpg,230,230,spa,43,R-307,,41
Image01337.jpg,304,304,spa,43,R-307,,41
Image01341.jpg,504,504,spa,43,R-307,,41
Image01370.jpg,216,216,spa,43,R-307,,41
Image01371.jpg,330,330,spa,43,R-307,,41
Image01372.jpg,224,224,spa,43,R-307,,41
Image01375.jpg,580,580,spa,43,R-307,,41
Image01379.jpg,324,324,spa,43,R-307,,41
Image01380.jpg,632,632,spa,43,R-307,,41
Image00833.jpg,270,270,spa,44,R-308,,40
Image00834.jpg,150,150,spa,44,R-308,,40
Image00835.jpg,242,242,spa,44,R-308,,40
Image00841.jpg,170,170,spa,44,R-308,,40
Image00842.jpg,234,234,spa,44,R-308,,40
Image00843.jpg,122,122,spa,44,R-308,,40
Image00844.jpg,242,242,spa,44,R-308,,40
Image00968.jpg,132,132,spa,44,R-308,,40
Image01048.jpg,78,78,spa,44,R-308,,40
Image01084.jpg,254,254,spa,44,R-308,,40
Image01093.jpg,488,488,spa,44,R-308,,40
Image01250.jpg,212,212,spa,44,R-308,,40
Image01290.jpg,134,134,spa,44,R-308,,40
Image01325.jpg,242,242,spa,44,R-308,,40
Image01326.jpg,500,500,spa,44,R-308,,40
Image01327.jpg,360,360,spa,44,R-308,,40
Image01328.jpg,584,584,spa,44,R-308,,40
Image01352.jpg,156,156,spa,44,R-308,,40
Image00504.jpg,264,264,spa,52,R-400a,,
Image00536.jpg,354,354,spa,52,R-400a,,
Image00537.jpg,218,218,spa,52,R-400a,,
Image00584.jpg,218,218,spa,52,R-400a,,
Image00609.jpg,252,252,spa,52,R-400a,,
Image00610.jpg,174,174,spa,52,R-400a,,
Image00618.jpg,232,232,spa,52,R-400a,,
Image00619.jpg,414,414,spa,52,R-400a,,
Image00623.jpg,194,194,spa,52,R-400a,,
Image00627.jpg,182,182,spa,52,R-400a,,
Image00628.jpg,314,314,spa,52,R-400a,,
Image00505.jpg,142,142,spa,53,R-400b,,35
Image00506.jpg,208,208,spa,53,R-400b,,35
Image00507.jpg,156,156,spa,53,R-400b,,35
Image00611.jpg,432,432,spa,53,R-400b,,35
Image00620.jpg,246,246,spa,53,R-400b,,35
Image00516.jpg,266,266,spa,54,R-400c,35,34
Image00524.jpg,186,186,spa,54,R-400c,35,34
Image00525.jpg,288,288,spa,54,R-400c,35,34
Image00527.jpg,156,156,spa,54,R-400c,35,34
Image00530.jpg,180,180,spa,54,R-400c,35,34
Image00534.jpg,218,218,spa,54,R-400c,35,34
Image00538.jpg,200,200,spa,54,R-400c,35,34
Image00564.jpg,248,248,spa,54,R-400c,35,34
Image00574.jpg,234,234,spa,54,R-400c,35,34
Image00586.jpg,152,152,spa,54,R-400c,35,34
Image00587.jpg,260,260,spa,54,R-400c,35,34
Image00588.jpg,456,456,spa,54,R-400c,35,34
Image00589.jpg,534,534,spa,54,R-400c,35,34
Image00590.jpg,160,160,spa,54,R-400c,35,34
Image00591.jpg,332,332,spa,54,R-400c,35,34
Image00592.jpg,240,240,spa,54,R-400c,35,34
Image00593.jpg,168,168,spa,54,R-400c,35,34
Image00594.jpg,170,170,spa,54,R-400c,35,34
Image00602.jpg,212,212,spa,54,R-400c,35,34
Image00617.jpg,266,266,spa,54,R-400c,35,34
Image00622.jpg,272,272,spa,54,R-400c,35,34
Image00632.jpg,270,270,spa,54,R-400c,35,34
Image00633.jpg,642,642,spa,54,R-400c,35,34
Image00635.jpg,294,294,spa,54,R-400c,35,34
Image00519.jpg,566,566,spa,55,R-400d,33,
Image00573.jpg,378,378,spa,58,R-402,40,37
Image00502.jpg,228,228,spa,58,R-402,40,37
Image00503.jpg,296,296,spa,58,R-402,40,37
Image00528.jpg,176,176,spa,58,R-402,40,37
Image00529.jpg,192,192,spa,58,R-402,40,37
Image00540.jpg,246,246,spa,58,R-402,40,37
Image00541.jpg,338,338,spa,58,R-402,40,37
Image00542.jpg,186,186,spa,58,R-402,40,37
Image00543.jpg,274,274,spa,58,R-402,40,37
Image00544.jpg,308,308,spa,58,R-402,40,37
Image00545.jpg,252,252,spa,58,R-402,40,37
Image00547.jpg,156,156,spa,58,R-402,40,37
Image00548.jpg,296,296,spa,58,R-402,40,37
Image00549.jpg,374,374,spa,58,R-402,40,37
Image00550.jpg,338,338,spa,58,R-402,40,37
Image00551.jpg,314,314,spa,58,R-402,40,37
Image00553.jpg,258,258,spa,58,R-402,40,37
Image00554.jpg,164,164,spa,58,R-402,40,37
Image00557.jpg,394,394,spa,58,R-402,40,37
Image00558.jpg,366,366,spa,58,R-402,40,37
Image00559.jpg,428,428,spa,58,R-402,40,37
Image00561.jpg,234,234,spa,58,R-402,40,37
Image00562.jpg,296,296,spa,58,R-402,40,37
Image00563.jpg,182,182,spa,58,R-402,40,37
Image00566.jpg,306,306,spa,58,R-402,40,37
Image00568.jpg,216,216,spa,58,R-402,40,37
Image00569.jpg,430,430,spa,58,R-402,40,37
Image00570.jpg,396,396,spa,58,R-402,40,37
Image00571.jpg,294,294,spa,58,R-402,40,37
Image00572.jpg,230,230,spa,58,R-402,40,37
Image00579.jpg,134,134,spa,58,R-402,40,37
Image00595.jpg,486,486,spa,58,R-402,40,37
Image00597.jpg,152,152,spa,58,R-402,40,37
Image00598.jpg,188,188,spa,58,R-402,40,37
Image00601.jpg,246,246,spa,58,R-402,40,37
Image00603.jpg,226,226,spa,58,R-402,40,37
Image00606.jpg,282,282,spa,58,R-402,40,37
Image00608.jpg,328,328,spa,58,R-402,40,37
Image00613.jpg,222,222,spa,58,R-402,40,37
Image00614.jpg,264,264,spa,58,R-402,40,37
Image00624.jpg,116,116,spa,58,R-402,40,37
Image00625.jpg,170,170,spa,58,R-402,40,37
Image00626.jpg,182,182,spa,58,R-402,40,37
Image00629.jpg,218,218,spa,58,R-402,40,37
Image00630.jpg,234,234,spa,58,R-402,40,37
Image00631.jpg,398,398,spa,58,R-402,40,37
Image00637.jpg,298,298,spa,58,R-402,40,37
Image00616.jpg,452,452,spa,63,R-407a,,38
Image00634.jpg,224,224,spa,68,R-411,,
Image00636.jpg,342,342,spa,68,R-411,,
Image00535.jpg,182,182,spa,70,R-413,,
Image00575.jpg,264,264,spa,70,R-413,,
Image00577.jpg,314,314,spa,70,R-413,,
Image00653.jpg,310,310,spa,84,P-1,11,17
Image00655.jpg,608,608,spa,84,P-1,11,17
Image00682.jpg,338,338,spa,84,P-1,11,17
Image00683.jpg,198,198,spa,84,P-1,11,17
Image00708.jpg,320,320,spa,84,P-1,11,17
Image00743.jpg,146,146,spa,84,P-1,11,17
Image00746.jpg,312,312,spa,84,P-1,11,17
Image00748.jpg,578,578,spa,84,P-1,11,17
Image00753.jpg,174,174,spa,84,P-1,11,17
Image00776.jpg,638,638,spa,84,P-1,11,17
Image00780.jpg,348,348,spa,84,P-1,11,17
Image00784.jpg,410,410,spa,84,P-1,11,17
Image00785.jpg,206,206,spa,84,P-1,11,17
Image00786.jpg,144,144,spa,84,P-1,11,17
Image00793.jpg,216,216,spa,84,P-1,11,17
Image00638.jpg,138,138,spa,85,P-1a,,
Image00644.jpg,114,114,spa,85,P-1a,,
Image00657.jpg,638,638,spa,85,P-1a,,
Image00769.jpg,204,204,spa,85,P-1a,,
Image00773.jpg,180,180,spa,85,P-1a,,
Image00783.jpg,150,150,spa,85,P-1a,,
Image00803.jpg,140,140,spa,85,P-1a,,
Image00646.jpg,206,206,spa,86,P-1b,,
Image00652.jpg,252,252,spa,86,P-1b,,
Image00664.jpg,364,364,spa,86,P-1b,,
Image00749.jpg,432,432,spa,86,P-1b,,
Image00757.jpg,594,594,spa,86,P-1b,,
Image00770.jpg,186,186,spa,86,P-1b,,
Image00800.jpg,168,168,spa,86,P-1b,,
Image00665.jpg,296,296,spa,87,P-1c,,
Image00681.jpg,158,158,spa,87,P-1c,,
Image00742.jpg,536,536,spa,87,P-1c,,
Image00745.jpg,700,700,spa,87,P-1c,,
Image00764.jpg,252,252,spa,87,P-1c,,
Image00806.jpg,254,254,spa,87,P-1c,,
Image00807.jpg,222,222,spa,87,P-1c,,
Image00737.jpg,282,282,spa,90,P-3,26,11
Image00740.jpg,398,398,spa,90,P-3,26,11
Image00663.jpg,488,488,spa,91,P-4,,
Image00666.jpg,438,438,spa,91,P-4,,
Image00668.jpg,534,534,spa,91,P-4,,
Image00669.jpg,380,380,spa,91,P-4,,
Image00670.jpg,360,360,spa,91,P-4,,
Image00671.jpg,338,338,spa,91,P-4,,
Image00672.jpg,320,320,spa,91,P-4,,
Image00673.jpg,452,452,spa,91,P-4,,
Image00674.jpg,570,570,spa,91,P-4,,
Image00675.jpg,474,474,spa,91,P-4,,
Image00676.jpg,320,320,spa,91,P-4,,
Image00677.jpg,446,446,spa,91,P-4,,
Image00678.jpg,464,464,spa,91,P-4,,
Image00684.jpg,260,260,spa,91,P-4,,
Image00685.jpg,260,260,spa,91,P-4,,
Image00687.jpg,290,290,spa,91,P-4,,
Image00716.jpg,700,700,spa,91,P-4,,
Image00717.jpg,700,697,spa,91,P-4,,
Image00718.jpg,242,242,spa,91,P-4,,
Image00719.jpg,286,286,spa,91,P-4,,
Image00720.jpg,452,452,spa,91,P-4,,
Image00735.jpg,624,624,spa,91,P-4,,
Image00739.jpg,440,440,spa,91,P-4,,
Image00741.jpg,698,686,spa,91,P-4,,
Image00747.jpg,582,582,spa,91,P-4,,
Image00752.jpg,206,206,spa,91,P-4,,
Image00758.jpg,500,500,spa,91,P-4,,
Image00762.jpg,426,426,spa,91,P-4,,
Image00763.jpg,200,200,spa,91,P-4,,
Image00792.jpg,308,308,spa,91,P-4,,
Image00643.jpg,254,254,spa,105,P-13a,20,4
Image00661.jpg,668,668,spa,105,P-13a,20,4
Image00704.jpg,206,206,spa,105,P-13a,20,4
Image00724.jpg,404,404,spa,105,P-13a,20,4
Image00744.jpg,648,648,spa,105,P-13a,20,4
Image00760.jpg,260,260,spa,105,P-13a,20,4
Image00761.jpg,476,476,spa,105,P-13a,20,4
Image00787.jpg,252,252,spa,105,P-13a,20,4
Image00801.jpg,218,218,spa,105,P-13a,20,4
Image00802.jpg,420,420,spa,105,P-13a,20,4
Image00642.jpg,210,210,spa,106,P-13b,19,3
Image00689.jpg,164,164,spa,106,P-13b,19,3
Image00756.jpg,408,408,spa,106,P-13b,19,3
Image00767.jpg,146,146,spa,106,P-13b,19,3
Image00771.jpg,240,240,spa,106,P-13b,19,3
Image00797.jpg,700,700,spa,106,P-13b,19,3
Image00804.jpg,644,644,spa,106,P-13b,19,3
Image00805.jpg,210,210,spa,106,P-13b,19,3
Image00640.jpg,316,316,spa,107,P-14a,,6
Image00659.jpg,494,494,spa,107,P-14a,,6
Image00734.jpg,318,318,spa,107,P-14a,,6
Image00698.jpg,302,302,spa,108,P-14b,21,5
Image00705.jpg,252,252,spa,108,P-14b,21,5
Image00723.jpg,546,546,spa,108,P-14b,21,5
Image00729.jpg,428,428,spa,108,P-14b,21,5
Image00778.jpg,158,158,spa,108,P-14b,21,5
Image00754.jpg,590,590,spa,109,P-15,22,0
Image00774.jpg,680,680,spa,109,P-15,22,0
Image00650.jpg,180,180,spa,110,P-15a,,1
Image00654.jpg,256,244,spa,110,P-15a,,1
Image00662.jpg,378,378,spa,110,P-15a,,1
Image00688.jpg,306,306,spa,110,P-15a,,1
Image00690.jpg,234,234,spa,110,P-15a,,1
Image00691.jpg,284,284,spa,110,P-15a,,1
Image00692.jpg,180,180,spa,110,P-15a,,1
Image00693.jpg,252,252,spa,110,P-15a,,1
Image00694.jpg,200,200,spa,110,P-15a,,1
Image00697.jpg,284,284,spa,110,P-15a,,1
Image00701.jpg,180,180,spa,110,P-15a,,1
Image00702.jpg,146,146,spa,110,P-15a,,1
Image00711.jpg,194,194,spa,110,P-15a,,1
Image00712.jpg,162,162,spa,110,P-15a,,1
Image00713.jpg,134,134,spa,110,P-15a,,1
Image00725.jpg,662,632,spa,110,P-15a,,1
Image00728.jpg,474,474,spa,110,P-15a,,1
Image00733.jpg,266,266,spa,110,P-15a,,1
Image00751.jpg,286,286,spa,110,P-15a,,1
Image00765.jpg,152,152,spa,110,P-15a,,1
Image00775.jpg,386,386,spa,110,P-15a,,1
Image00779.jpg,168,168,spa,110,P-15a,,1
Image00781.jpg,266,266,spa,110,P-15a,,1
Image00782.jpg,284,284,spa,110,P-15a,,1
Image00639.jpg,302,302,spa,114,P-17,,14
Image00658.jpg,528,528,spa,114,P-17,,14
Image00686.jpg,302,302,spa,114,P-17,,14
Image00730.jpg,162,162,spa,114,P-17,,14
Image00696.jpg,182,182,spa,118,P-19,23,2
Image00727.jpg,480,480,spa,118,P-19,23,2
Image00645.jpg,188,188,spa,119,P-20,27,
Image00651.jpg,156,156,spa,119,P-20,27,
Image00699.jpg,162,162,spa,119,P-20,27,
Image00706.jpg,128,128,spa,119,P-20,27,
Image00714.jpg,134,134,spa,119,P-20,27,
Image00722.jpg,306,306,spa,119,P-20,27,
Image00777.jpg,576,576,spa,119,P-20,27,
Image00788.jpg,300,300,spa,119,P-20,27,
Image00789.jpg,354,354,spa,119,P-20,27,
Image00790.jpg,228,228,spa,119,P-20,27,
Image00791.jpg,218,218,spa,119,P-20,27,
Image00656.jpg,386,386,spa,120,P-21,28,7
Image00703.jpg,194,194,spa,120,P-21,28,7
Image00726.jpg,344,344,spa,120,P-21,28,7
Image00732.jpg,446,446,spa,120,P-21,28,7
Image00759.jpg,200,200,spa,120,P-21,28,7
Image00798.jpg,246,246,spa,120,P-21,28,7
Image00794.jpg,340,340,spa,122,P-23,,9
Image00795.jpg,428,428,spa,122,P-23,,9
Image00648.jpg,198,198,spa,123,P-24,31,
Image00649.jpg,266,266,spa,123,P-24,31,
Image00667.jpg,590,590,spa,123,P-24,31,
Image00679.jpg,164,164,spa,123,P-24,31,
Image00700.jpg,158,158,spa,123,P-24,31,
Image00707.jpg,138,138,spa,123,P-24,31,
Image00721.jpg,326,326,spa,123,P-24,31,
Image00736.jpg,262,262,spa,123,P-24,31,
Image00738.jpg,318,318,spa,123,P-24,31,
Image00755.jpg,290,290,spa,123,P-24,31,
Image00766.jpg,182,182,spa,123,P-24,31,
Image00768.jpg,90,90,spa,123,P-24,31,
Image00772.jpg,264,264,spa,123,P-24,31,
Image00796.jpg,504,504,spa,123,P-24,31,
Image00799.jpg,252,252,spa,123,P-24,31,
Image00647.jpg,260,260,spa,124,P-25,,
Image00709.jpg,246,246,spa,124,P-25,,
Image00710.jpg,218,218,spa,124,P-25,,
Image00731.jpg,398,398,spa,124,P-25,,
Image00641.jpg,296,296,spa,125,P-26,,
Image00660.jpg,594,594,spa,125,P-26,,
Image00750.jpg,162,162,spa,126,P-27,,
Image00680.jpg,192,192,spa,133,P-34,30,
Image00715.jpg,394,394,spa,133,P-34,30,
Image00695.jpg,254,254,spa,134,P-50,18,13
Image00337.jpg,246,246,spa,135,S-1,,
Image00338.jpg,228,228,spa,135,S-1,,
Image00349.jpg,174,174,spa,136,S-1a,,
Image00330.jpg,204,204,spa,137,S-2,,
Image00333.jpg,404,404,spa,137,S-2,,
Image00500.jpg,516,516,spa,137,S-2,,
Image00335.jpg,174,174,spa,138,S-2a,,
Image00377.jpg,248,248,spa,141,S-5,,
Image00388.jpg,642,642,spa,141,S-5,,
Image00446.jpg,486,486,spa,141,S-5,,
Image00389.jpg,98,98,spa,147,S-11,,53
Image00359.jpg,302,302,spa,148,S-11a,,
Image00368.jpg,234,234,spa,148,S-11a,,
Image00370.jpg,308,308,spa,148,S-11a,,
Image00372.jpg,474,474,spa,148,S-11a,,
Image00373.jpg,310,310,spa,148,S-11a,,
Image00379.jpg,374,374,spa,148,S-11a,,
Image00380.jpg,290,290,spa,148,S-11a,,
Image00381.jpg,264,264,spa,148,S-11a,,
Image00390.jpg,378,378,spa,148,S-11a,,
Image00396.jpg,332,332,spa,148,S-11a,,
Image00408.jpg,512,512,spa,148,S-11a,,
Image00416.jpg,560,560,spa,148,S-11a,,
Image00417.jpg,652,652,spa,148,S-11a,,
Image00418.jpg,380,380,spa,148,S-11a,,
Image00426.jpg,456,456,spa,148,S-11a,,
Image00456.jpg,294,294,spa,148,S-11a,,
Image00319.jpg,260,260,spa,151,S-13,,56
Image00327.jpg,260,260,spa,151,S-13,,56
Image00328.jpg,502,502,spa,151,S-13,,56
Image00339.jpg,216,216,spa,151,S-13,,56
Image00340.jpg,192,192,spa,151,S-13,,56
Image00342.jpg,144,144,spa,151,S-13,,56
Image00343.jpg,200,200,spa,151,S-13,,56
Image00344.jpg,224,224,spa,151,S-13,,56
Image00345.jpg,252,252,spa,151,S-13,,56
Image00346.jpg,348,348,spa,151,S-13,,56
Image00348.jpg,162,162,spa,151,S-13,,56
Image00353.jpg,156,156,spa,151,S-13,,56
Image00354.jpg,166,166,spa,151,S-13,,56
Image00355.jpg,170,170,spa,151,S-13,,56
Image00357.jpg,329,329,spa,151,S-13,,56
Image00360.jpg,428,428,spa,151,S-13,,56
Image00374.jpg,230,230,spa,151,S-13,,56
Image00375.jpg,222,222,spa,151,S-13,,56
Image00376.jpg,206,206,spa,151,S-13,,56
Image00378.jpg,180,180,spa,151,S-13,,56
Image00382.jpg,240,240,spa,151,S-13,,56
Image00384.jpg,156,156,spa,151,S-13,,56
Image00385.jpg,180,180,spa,151,S-13,,56
Image00386.jpg,294,294,spa,151,S-13,,56
Image00387.jpg,302,302,spa,151,S-13,,56
Image00391.jpg,240,240,spa,151,S-13,,56
Image00392.jpg,216,216,spa,151,S-13,,56
Image00463.jpg,494,494,spa,151,S-13,,56
Image00465.jpg,242,242,spa,151,S-13,,56
Image00469.jpg,452,452,spa,151,S-13,,56
Image00470.jpg,104,104,spa,151,S-13,,56
Image00472.jpg,158,158,spa,151,S-13,,56
Image00474.jpg,116,116,spa,151,S-13,,56
Image00477.jpg,248,248,spa,151,S-13,,56
Image00479.jpg,188,188,spa,151,S-13,,56
Image00481.jpg,138,138,spa,151,S-13,,56
Image00483.jpg,168,168,spa,151,S-13,,56
Image00485.jpg,164,164,spa,151,S-13,,56
Image00486.jpg,596,596,spa,151,S-13,,56
Image00487.jpg,700,700,spa,151,S-13,,56
Image00492.jpg,398,398,spa,151,S-13,,56
Image00493.jpg,240,240,spa,151,S-13,,56
Image00495.jpg,442,438,spa,151,S-13,,56
Image00499.jpg,324,324,spa,151,S-13,,56
Image00427.jpg,200,200,spa,151,S-13,,56
Image00428.jpg,462,462,spa,151,S-13,,56
Image00429.jpg,288,261,spa,151,S-13,,56
Image00432.jpg,180,180,spa,151,S-13,,56
Image00435.jpg,198,198,spa,151,S-13,,56
Image00438.jpg,416,416,spa,151,S-13,,56
Image00440.jpg,156,156,spa,151,S-13,,56
Image00442.jpg,272,272,spa,151,S-13,,56
Image00443.jpg,386,386,spa,151,S-13,,56
Image00449.jpg,138,138,spa,151,S-13,,56
Image00450.jpg,226,226,spa,151,S-13,,56
Image00451.jpg,252,252,spa,151,S-13,,56
Image00452.jpg,380,380,spa,151,S-13,,56
Image00454.jpg,202,202,spa,151,S-13,,56
Image00459.jpg,236,236,spa,151,S-13,,56
Image00460.jpg,180,180,spa,151,S-13,,56
Image00461.jpg,236,236,spa,151,S-13,,56
Image00394.jpg,302,302,spa,151,S-13,,56
Image00400.jpg,260,260,spa,151,S-13,,56
Image00401.jpg,138,138,spa,151,S-13,,56
Image00403.jpg,138,138,spa,151,S-13,,56
Image00405.jpg,186,186,spa,151,S-13,,56
Image00406.jpg,208,208,spa,151,S-13,,56
Image00407.jpg,222,222,spa,151,S-13,,56
Image00410.jpg,216,216,spa,151,S-13,,56
Image00411.jpg,212,212,spa,151,S-13,,56
Image00413.jpg,240,240,spa,151,S-13,,56
Image00414.jpg,180,180,spa,151,S-13,,56
Image00415.jpg,428,428,spa,151,S-13,,56
Image00419.jpg,186,186,spa,151,S-13,,56
Image00420.jpg,146,146,spa,151,S-13,,56
Image00421.jpg,204,204,spa,151,S-13,,56
Image00422.jpg,152,152,spa,151,S-13,,56
Image00423.jpg,170,170,spa,151,S-13,,56
Image00393.jpg,216,216,spa,151,S-13,,56
Image00424.jpg,288,288,spa,151,S-13,,56
Image00462.jpg,360,360,spa,151,S-13,,56
Image00433.jpg,162,162,spa,154,S-15a,,54
Image00466.jpg,144,144,spa,154,S-15a,,54
Image00320.jpg,144,144,spa,159,S-17,,45
Image00321.jpg,128,128,spa,159,S-17,,45
Image00341.jpg,282,282,spa,159,S-17,,45
Image00358.jpg,176,176,spa,159,S-17,,45
Image00383.jpg,174,174,spa,159,S-17,,45
Image00402.jpg,200,200,spa,159,S-17,,45
Image00404.jpg,110,110,spa,159,S-17,,45
Image00409.jpg,140,140,spa,159,S-17,,45
Image00430.jpg,152,152,spa,159,S-17,,45
Image00471.jpg,86,86,spa,159,S-17,,45
Image00476.jpg,126,126,spa,159,S-17,,45
Image00478.jpg,164,164,spa,159,S-17,,45
Image00482.jpg,260,260,spa,159,S-17,,45
Image00484.jpg,152,152,spa,159,S-17,,45
Image00496.jpg,164,164,spa,159,S-17,,45
Image00497.jpg,132,132,spa,159,S-17,,45
Image00356.jpg,146,146,spa,160,S-18,,
Image00455.jpg,270,270,spa,160,S-18,,
Image00489.jpg,256,256,spa,160,S-18,,
Image00498.jpg,192,192,spa,160,S-18,,
Image00329.jpg,224,224,spa,161,S-19,,
Image00412.jpg,672,672,spa,161,S-19,,
Image00437.jpg,296,296,spa,161,S-19,,
Image00441.jpg,306,306,spa,161,S-19,,
Image00445.jpg,444,444,spa,161,S-19,,
Image00457.jpg,224,224,spa,161,S-19,,
Image00467.jpg,218,218,spa,161,S-19,,
Image00494.jpg,246,246,spa,161,S-19,,
Image00324.jpg,122,122,spa,164,S-22,,
Image00491.jpg,634,634,spa,164,S-22,,
Image00395.jpg,376,376,spa,166,S-24,,
Image00347.jpg,128,128,spa,167,S-25,,
Image00364.jpg,286,286,spa,167,S-25,,
Image00367.jpg,290,290,spa,167,S-25,,
Image00371.jpg,266,266,spa,167,S-25,,
Image00332.jpg,700,700,spa,168,S-26a,,
Image00369.jpg,278,278,spa,168,S-26a,,
Image00399.jpg,700,700,spa,168,S-26a,,
Image00365.jpg,274,274,spa,169,S-26b,,
Image00366.jpg,638,638,spa,170,S-26c,,
Image00444.jpg,700,661,spa,182,S-50a,,
Image00334.jpg,140,140,spa,183,S-50b,,
Image00326.jpg,150,150,spa,190,S-52b,,
Image00331.jpg,150,150,spa,190,S-52b,,
Image00434.jpg,558,558,spa,190,S-52b,,
Image00439.jpg,290,290,spa,194,S-60b,,
Image00350.jpg,294,294,spa,195,S-61a,,
Image00351.jpg,184,184,spa,195,S-61a,,
Image00352.jpg,328,328,spa,195,S-61a,,
Image00436.jpg,536,536,spa,204,S-102,,
Image00447.jpg,348,348,spa,207,S-105,,
Image00488.jpg,488,488,spa,207,S-105,,
Image00448.jpg,416,416,spa,209,S-107,,
Image00325.jpg,212,212,spa,224,S-122,,
Image00490.jpg,510,510,spa,225,S-123,,
Image00612.jpg,288,288,spa,230,,,
Image01388.jpg,108,108,spa,230,,,
Image01394.jpg,220,220,spa,230,,,
Image01397.jpg,308,308,spa,230,,,
Image01400.jpg,386,386,spa,230,,,
Image00322.jpg,128,128,spa,231,S-7-40,,
Image00323.jpg,158,158,spa,231,S-7-40,,
Image00336.jpg,192,192,spa,231,S-7-40,,
Image00362.jpg,408,408,spa,231,S-7-40,,
Image00453.jpg,108,108,spa,231,S-7-40,,
Image00464.jpg,186,186,spa,231,S-7-40,,
Image00361.jpg,332,332,spa,237,S-7-80,,
Image00363.jpg,210,210,spa,237,S-7-80,,
Image00397.jpg,312,312,spa,237,S-7-80,,
Image00398.jpg,350,350,spa,237,S-7-80,,
Image00425.jpg,122,122,spa,242,S-17-minus,,46
Image00431.jpg,168,168,spa,242,S-17-minus,,46
Image00458.jpg,350,350,spa,242,S-17-minus,,46
Image00468.jpg,366,366,spa,242,S-17-minus,,46
Image00473.jpg,160,160,spa,242,S-17-minus,,46
Image00475.jpg,120,120,spa,242,S-17-minus,,46
Image00480.jpg,150,150,spa,242,S-17-minus,,46
Image01316.jpg,236,236,spa,244,R-301-20,0,
Image01169.jpg,188,188,spa,245,R-301-40,,
Image01300.jpg,190,190,spa,245,R-301-40,,
Image00837.jpg,144,144,spa,245,R-301-40,,
Image00838.jpg,90,90,spa,245,R-301-40,,
Image00861.jpg,140,140,spa,245,R-301-40,,
Image00871.jpg,134,134,spa,245,R-301-40,,
Image00875.jpg,216,216,spa,245,R-301-40,,
Image00878.jpg,174,174,spa,245,R-301-40,,
Image00879.jpg,306,306,spa,245,R-301-40,,
Image00881.jpg,122,122,spa,245,R-301-40,,
Image00900.jpg,242,242,spa,245,R-301-40,,
Image00902.jpg,536,536,spa,245,R-301-40,,
Image00910.jpg,200,200,spa,245,R-301-40,,
Image00944.jpg,156,156,spa,245,R-301-40,,
Image00965.jpg,122,122,spa,245,R-301-40,,
Image01033.jpg,140,140,spa,245,R-301-40,,
Image01097.jpg,252,252,spa,245,R-301-40,,
Image01104.jpg,190,190,spa,245,R-301-40,,
Image01123.jpg,320,320,spa,245,R-301-40,,
Image01128.jpg,296,296,spa,245,R-301-40,,
Image01132.jpg,260,260,spa,245,R-301-40,,
Image01135.jpg,282,282,spa,245,R-301-40,,
Image01138.jpg,230,230,spa,245,R-301-40,,
Image01142.jpg,322,322,spa,245,R-301-40,,
Image01155.jpg,146,146,spa,245,R-301-40,,
Image01165.jpg,206,206,spa,245,R-301-40,,
Image01166.jpg,180,180,spa,245,R-301-40,,
Image01168.jpg,156,156,spa,245,R-301-40,,
Image01301.jpg,420,420,spa,245,R-301-40,,
Image01305.jpg,134,134,spa,245,R-301-40,,
Image01306.jpg,218,218,spa,245,R-301-40,,
Image01310.jpg,284,284,spa,245,R-301-40,,
Image01333.jpg,272,272,spa,245,R-301-40,,
Image01351.jpg,188,188,spa,245,R-301-40,,
Image01376.jpg,204,204,spa,245,R-301-40,,
Image01385.jpg,176,176,spa,245,R-301-40,,
Image01387.jpg,240,240,spa,245,R-301-40,,
Image01391.jpg,200,200,spa,245,R-301-40,,
Image01393.jpg,294,294,spa,245,R-301-40,,
Image01406.jpg,222,222,spa,245,R-301-40,,
Image01407.jpg,390,390,spa,245,R-301-40,,
Image01408.jpg,456,456,spa,245,R-301-40,,
Image01420.jpg,120,120,spa,245,R-301-40,,
Image01423.jpg,224,224,spa,245,R-301-40,,
Image01424.jpg,210,210,spa,245,R-301-40,,
Image01181.jpg,192,192,spa,245,R-301-40,,
Image01187.jpg,230,230,spa,245,R-301-40,,
Image01193.jpg,134,134,spa,245,R-301-40,,
Image01195.jpg,218,218,spa,245,R-301-40,,
Image01229.jpg,120,120,spa,245,R-301-40,,
Image01234.jpg,486,486,spa,245,R-301-40,,
Image01239.jpg,386,386,spa,245,R-301-40,,
Image01249.jpg,474,474,spa,245,R-301-40,,
Image01252.jpg,336,336,spa,245,R-301-40,,
Image01258.jpg,260,260,spa,245,R-301-40,,
Image01259.jpg,324,324,spa,245,R-301-40,,
Image01265.jpg,302,302,spa,245,R-301-40,,
Image01268.jpg,338,338,spa,245,R-301-40,,
Image01276.jpg,408,408,spa,245,R-301-40,,
Image01283.jpg,330,330,spa,245,R-301-40,,
Image01295.jpg,152,152,spa,245,R-301-40,,
Image01296.jpg,593,618,spa,245,R-301-40,,
Image00822.jpg,218,218,spa,246,R-301-60,3,
Image00848.jpg,128,128,spa,246,R-301-60,3,
Image00866.jpg,174,174,spa,246,R-301-60,3,
Image00873.jpg,124,124,spa,246,R-301-60,3,
Image00895.jpg,120,120,spa,246,R-301-60,3,
Image00896.jpg,156,156,spa,246,R-301-60,3,
Image00897.jpg,288,288,spa,246,R-301-60,3,
Image00898.jpg,270,270,spa,246,R-301-60,3,
Image01096.jpg,214,214,spa,246,R-301-60,3,
Image01103.jpg,284,284,spa,246,R-301-60,3,
Image01116.jpg,408,408,spa,246,R-301-60,3,
Image01122.jpg,262,262,spa,246,R-301-60,3,
Image01127.jpg,266,266,spa,246,R-301-60,3,
Image01130.jpg,224,224,spa,246,R-301-60,3,
Image01134.jpg,206,206,spa,246,R-301-60,3,
Image01137.jpg,254,254,spa,246,R-301-60,3,
Image01141.jpg,296,296,spa,246,R-301-60,3,
Image01144.jpg,270,270,spa,246,R-301-60,3,
Image01162.jpg,344,344,spa,246,R-301-60,3,
Image01182.jpg,204,204,spa,246,R-301-60,3,
Image01184.jpg,160,160,spa,246,R-301-60,3,
Image01188.jpg,138,138,spa,246,R-301-60,3,
Image01190.jpg,164,164,spa,246,R-301-60,3,
Image01238.jpg,422,422,spa,246,R-301-60,3,
Image01274.jpg,270,270,spa,246,R-301-60,3,
Image01331.jpg,230,230,spa,246,R-301-60,3,
Image01427.jpg,184,184,spa,246,R-301-60,3,
Image01429.jpg,188,188,spa,246,R-301-60,3,
Image00917.jpg,218,218,spa,247,R-301-80,5,
Image00815.jpg,152,152,spa,247,R-301-80,5,
Image00816.jpg,206,206,spa,247,R-301-80,5,
Image00817.jpg,252,252,spa,247,R-301-80,5,
Image00818.jpg,174,174,spa,247,R-301-80,5,
Image00819.jpg,312,312,spa,247,R-301-80,5,
Image00826.jpg,180,180,spa,247,R-301-80,5,
Image00850.jpg,164,164,spa,247,R-301-80,5,
Image00851.jpg,174,174,spa,247,R-301-80,5,
Image00852.jpg,120,120,spa,247,R-301-80,5,
Image00855.jpg,130,130,spa,247,R-301-80,5,
Image00860.jpg,156,156,spa,247,R-301-80,5,
Image00885.jpg,126,126,spa,247,R-301-80,5,
Image00886.jpg,370,370,spa,247,R-301-80,5,
Image00888.jpg,282,282,spa,247,R-301-80,5,
Image00890.jpg,218,218,spa,247,R-301-80,5,
Image00893.jpg,408,408,spa,247,R-301-80,5,
Image00901.jpg,106,106,spa,247,R-301-80,5,
Image00912.jpg,164,164,spa,247,R-301-80,5,
Image00913.jpg,156,156,spa,247,R-301-80,5,
Image00915.jpg,248,248,spa,247,R-301-80,5,
Image00920.jpg,688,698,spa,247,R-301-80,5,
Image01129.jpg,318,318,spa,247,R-301-80,5,
Image01133.jpg,338,338,spa,247,R-301-80,5,
Image01136.jpg,288,288,spa,247,R-301-80,5,
Image01139.jpg,254,254,spa,247,R-301-80,5,
Image01150.jpg,186,186,spa,247,R-301-80,5,
Image01159.jpg,164,164,spa,247,R-301-80,5,
Image01185.jpg,182,182,spa,247,R-301-80,5,
Image01186.jpg,146,146,spa,247,R-301-80,5,
Image01189.jpg,200,200,spa,247,R-301-80,5,
Image01191.jpg,186,186,spa,247,R-301-80,5,
Image01233.jpg,222,222,spa,247,R-301-80,5,
Image01236.jpg,150,150,spa,247,R-301-80,5,
Image01278.jpg,222,222,spa,247,R-301-80,5,
Image01289.jpg,290,290,spa,247,R-301-80,5,
Image01419.jpg,108,108,spa,247,R-301-80,5,
Image01431.jpg,120,120,spa,247,R-301-80,5,
Image00533.jpg,198,198,spa,251,R-403a,36,36
Image00621.jpg,248,248,spa,251,R-403a,36,36
Image00555.jpg,188,188,spa,252,R-401a,38,
Image00501.jpg,420,420,spa,252,R-401a,38,
Image00508.jpg,170,170,spa,252,R-401a,38,
Image00509.jpg,272,272,spa,252,R-401a,38,
Image00510.jpg,320,320,spa,252,R-401a,38,
Image00511.jpg,276,276,spa,252,R-401a,38,
Image00512.jpg,302,302,spa,252,R-401a,38,
Image00513.jpg,320,320,spa,252,R-401a,38,
Image00514.jpg,326,326,spa,252,R-401a,38,
Image00515.jpg,348,348,spa,252,R-401a,38,
Image00517.jpg,312,312,spa,252,R-401a,38,
Image00518.jpg,168,168,spa,252,R-401a,38,
Image00520.jpg,392,392,spa,252,R-401a,38,
Image00521.jpg,186,186,spa,252,R-401a,38,
Image00522.jpg,284,284,spa,252,R-401a,38,
Image00523.jpg,198,198,spa,252,R-401a,38,
Image00526.jpg,188,188,spa,252,R-401a,38,
Image00531.jpg,134,134,spa,252,R-401a,38,
Image00532.jpg,114,114,spa,252,R-401a,38,
Image00539.jpg,330,330,spa,252,R-401a,38,
Image00546.jpg,422,422,spa,252,R-401a,38,
Image00552.jpg,270,270,spa,252,R-401a,38,
Image00556.jpg,246,246,spa,252,R-401a,38,
Image00560.jpg,374,374,spa,252,R-401a,38,
Image00565.jpg,378,378,spa,252,R-401a,38,
Image00567.jpg,218,218,spa,252,R-401a,38,
Image00576.jpg,282,282,spa,252,R-401a,38,
Image00578.jpg,248,248,spa,252,R-401a,38,
Image00580.jpg,266,266,spa,252,R-401a,38,
Image00582.jpg,246,246,spa,252,R-401a,38,
Image00583.jpg,248,248,spa,252,R-401a,38,
Image00585.jpg,138,138,spa,252,R-401a,38,
Image00596.jpg,584,584,spa,252,R-401a,38,
Image00599.jpg,152,152,spa,252,R-401a,38,
Image00600.jpg,314,314,spa,252,R-401a,38,
Image00604.jpg,152,152,spa,252,R-401a,38,
Image00605.jpg,186,186,spa,252,R-401a,38,
Image00607.jpg,230,230,spa,252,R-401a,38,
Image00615.jpg,288,288,spa,252,R-401a,38,
Image00581.jpg,182,182,spa,253,R-403c,,
